START_DATE*,END_DATE*,CATEGORY*,START*,STOP*,MILES*,PURPOSE*,LABEL
11-06-2016 19:04,11-06-2016 19:12,Business,Downtown,West Berkeley,97.2,,0
8/24/2016 13:01,8/24/2016 15:25,Business,Unknown Location,Unknown Location,6.9,,0
4/14/2016 7:29,4/14/2016 8:09,Business,Cary,Holly Springs,89.8,Temporary Site,9
2/29/2016 12:36,2/29/2016 12:48,Business,Apex,Cary,5.6,Meeting,7
12/19/2016 19:05,12/19/2016 19:17,Business,Islamabad,Unknown Location,2.2,,0
10-11-2016 01:27,10-11-2016 02:08,Business,Unknown Location,Rawalpindi,67.6,Meeting,7
3/27/2016 0:31,3/27/2016 0:40,Business,Lake Reams,Lake Reams,10.4,Errand/Supplies,5
07-02-2016 20:18,07-02-2016 20:36,Business,Cary,Durham,45.7,Meeting,7
12-07-2016 19:53,12-07-2016 20:13,Business,Cary,Cary,7,Customer Visit,4
12/20/2016 13:54,12/20/2016 14:17,Business,Unknown Location,Islamabad,5.7,Temporary Site,9
7/18/2016 10:37,7/18/2016 10:49,Personal,Cary,Morrisville,4.1,Moving,8
12-09-2016 22:03,12-09-2016 22:57,Business,Cary,Cary,48.1,Customer Visit,4
5/27/2016 20:47,5/27/2016 20:53,Business,Savon Height,Kilarney Woods,37.6,,0
12/21/2016 20:56,12/21/2016 23:42,Business,Rawalpindi,Unknown Location,55.6,Meeting,7
11/13/2016 12:22,11/13/2016 12:51,Business,West Berkeley,Southside,69.8,Meeting,7
11/14/2016 20:19,11/14/2016 20:30,Business,Emeryville,Berkeley,81.8,Errand/Supplies,5
01-12-2016 14:42,01-12-2016 14:56,Business,Lower Manhattan,Hudson Square,54,Errand/Supplies,5
8/23/2016 9:35,8/23/2016 10:09,Business,Noorpur Shahan,Unknown Location,10,,0
2/19/2016 11:45,2/19/2016 11:50,Personal,Islamabad,Islamabad,1,,0
06-05-2016 21:53,06-05-2016 22:05,Business,Cary,Durham,9.9,Meeting,7
8/23/2016 15:15,8/23/2016 17:16,Business,Unknown Location,Unknown Location,7.9,,0
1/18/2016 14:55,1/18/2016 15:06,Business,Cary,Cary,4.8,Meal/Entertain,6
7/22/2016 11:11,7/22/2016 11:25,Business,Morrisville,Cary,5.1,,0
04-01-2016 14:36,04-01-2016 15:24,Business,Kissimmee,Orlando,38.8,Customer Visit,4
8/27/2016 9:34,8/27/2016 10:11,Business,Unknown Location,Lahore,9.6,,0
6/24/2016 11:54,6/24/2016 12:01,Business,Waverly Place,Macgregor Downs,81.1,Meal/Entertain,6
12/24/2016 19:12,12/24/2016 19:27,Business,Lahore,Lahore,2.9,Meal/Entertain,6
5/14/2016 18:35,5/14/2016 18:39,Business,Cary,Morrisville,3.1,Meal/Entertain,6
06-11-2016 21:45,06-11-2016 22:04,Business,Cary,Durham,97.9,Meeting,7
10/19/2016 16:33,10/19/2016 17:01,Business,Berkeley,Emeryville,4.6,,0
8/22/2016 15:14,8/22/2016 15:49,Business,Unknown Location,Unknown Location,56.7,,0
6/28/2016 20:13,6/28/2016 20:33,Business,Cary,Durham,85.7,Meeting,7
2/28/2016 5:22,2/28/2016 5:38,Business,Whitebridge,Waverly Place,7.7,Meeting,7
11/30/2016 12:43,11/30/2016 12:53,Business,Morrisville,Cary,3.1,,0
12/19/2016 16:50,12/19/2016 17:09,Business,Rawalpindi,Islamabad,7.2,Customer Visit,4
8/25/2016 17:19,8/25/2016 19:20,Business,Unknown Location,Unknown Location,56.3,,0
7/27/2016 21:34,7/27/2016 21:57,Business,Morrisville,Raleigh,44.6,,0
12/30/2016 15:41,12/30/2016 16:03,Business,Karachi,Karachi,4.6,Errand/Supplies,5
2/18/2016 8:19,2/18/2016 8:27,Business,Unknown Location,Unknown Location,74.5,Temporary Site,9
03-03-2016 15:27,03-03-2016 15:48,Business,Cary,Raleigh,7.6,Customer Visit,4
3/20/2016 18:45,3/20/2016 19:06,Business,Briar Meadow,Midtown,82.8,Customer Visit,4
8/28/2016 9:57,8/28/2016 10:18,Business,Unknown Location,Noorpur Shahan,77.1,,0
04-02-2016 12:21,04-02-2016 14:47,Business,Kissimmee,Daytona Beach,72.6,Customer Visit,4
12/23/2016 11:33,12/23/2016 11:58,Business,Lahore,Unknown Location,6.2,Meeting,7
3/24/2016 19:47,3/24/2016 19:54,Personal,Whitebridge,Westpark Place,2,,0
3/13/2016 20:39,3/13/2016 20:58,Business,The Drag,North Austin,10.5,Meal/Entertain,6
6/29/2016 20:11,6/29/2016 20:29,Business,Cary,Durham,55.5,Meeting,7
12/28/2016 13:53,12/28/2016 14:01,Business,Karachi,Karachi,2,Errand/Supplies,5
8/19/2016 17:12,8/19/2016 17:52,Business,Islamabad,Unknown Location,37.1,,0
6/27/2016 12:22,6/27/2016 13:02,Business,Mandeville,Metairie,30,,0
8/22/2016 10:00,8/22/2016 10:44,Business,Unknown Location,Islamabad,9.8,,0
9/20/2016 20:47,9/20/2016 22:47,Business,Unknown Location,Rawalpindi,9.6,,0
6/13/2016 20:00,6/13/2016 20:05,Business,Oakland,Unknown Location,5,Customer Visit,4
12/21/2016 10:14,12/21/2016 10:30,Business,Unknown Location,Islamabad,4.9,Errand/Supplies,5
3/21/2016 20:18,3/21/2016 20:55,Business,Sharpstown,Midtown,25.6,Meal/Entertain,6
02-12-2016 13:02,02-12-2016 13:36,Business,Raleigh,Cary,10.9,Meeting,7
02-11-2016 17:49,02-11-2016 18:10,Business,Eastgate,Walnut Terrace,44.1,Meal/Entertain,6
7/20/2016 18:16,7/20/2016 18:20,Personal,Preston,Whitebridge,35.5,,0
08-06-2016 09:31,08-06-2016 09:53,Business,Morrisville,Cary,8,,0
6/26/2016 18:45,6/26/2016 19:12,Business,Pontchartrain Shores,Pontchartrain Shores,26.4,,0
12/26/2016 9:05,12/26/2016 9:19,Business,Lahore,Lahore,6.2,Customer Visit,4
11-08-2016 13:41,11-08-2016 14:01,Business,Berkeley,Emeryville,3.6,,0
07-05-2016 00:08,07-05-2016 00:28,Business,Durham,Cary,9.9,Meeting,7
02-11-2016 17:49,02-11-2016 18:10,Business,Eastgate,Walnut Terrace,50.3,Meal/Entertain,6
07-05-2016 16:48,07-05-2016 16:52,Business,Whitebridge,Whitebridge,0.6,Errand/Supplies,5
2/29/2016 12:36,2/29/2016 12:48,Business,Apex,Cary,5.6,Meeting,7
08-10-2016 18:49,08-10-2016 18:50,Business,Apex,Apex,1,,0
3/17/2016 15:16,3/17/2016 15:58,Business,Katy,Houston,30.2,Meeting,7
10-07-2016 15:47,10-07-2016 16:02,Business,Lahore,Lahore,2.4,,0
2/14/2016 0:50,2/14/2016 1:00,Personal,Jackson Heights,East Elmhurst,26.9,,0
06-12-2016 19:53,06-12-2016 19:56,Business,Cary,Morrisville,2.5,Meal/Entertain,6
07-01-2016 00:00,07-01-2016 00:25,Business,Durham,Cary,9.9,Meeting,7
03-03-2016 09:45,03-03-2016 09:52,Personal,Whitebridge,Westpark Place,2.2,,0
10-07-2016 10:56,10-07-2016 10:59,Business,Unknown Location,Lahore,63.5,,0
05-03-2016 22:20,05-03-2016 22:28,Business,Morrisville,Cary,2.5,Meal/Entertain,6
6/13/2016 18:54,6/13/2016 19:23,Business,Berkeley,Oakland,5.1,Meal/Entertain,6
1/27/2016 9:24,1/27/2016 9:31,Business,Cary,Cary,1.8,Meeting,7
1/26/2016 16:24,1/26/2016 16:32,Business,Whitebridge,Westpark Place,1.9,Errand/Supplies,5
11-06-2016 16:05,11-06-2016 16:22,Business,Renaissance,Agnew,66.7,Meeting,7
09-01-2016 11:51,09-01-2016 12:24,Business,Unknown Location,Islamabad,58.9,,0
03-03-2016 16:02,03-03-2016 16:42,Business,Raleigh,Cary,16.8,Meeting,7
10/25/2016 15:16,10/25/2016 15:33,Business,Eagle Rock,Cary,73.9,,0
8/25/2016 19:25,8/25/2016 19:57,Business,Unknown Location,Lahore,9.2,,0
11/22/2016 15:31,11/22/2016 15:44,Business,Cary,Cary,4.1,Meeting,7
10/19/2016 16:06,10/19/2016 16:19,Business,North Berkeley Hills,Southside,29.6,,0
7/18/2016 11:25,7/18/2016 11:36,Personal,Northwoods,Preston,91.9,Moving,8
10-11-2016 01:27,10-11-2016 02:08,Business,Unknown Location,Rawalpindi,65.4,Meeting,7
11/19/2016 16:01,11/19/2016 16:06,Business,Cary,Cary,1.5,,0
7/22/2016 14:27,7/22/2016 14:43,Business,Cary,Morrisville,6.1,Meal/Entertain,6
3/19/2016 15:34,3/19/2016 16:38,Business,Houston,Galveston,36.5,Meal/Entertain,6
6/25/2016 23:19,6/25/2016 23:26,Business,Marigny,Storyville,60.4,,0
12-12-2016 13:36,12-12-2016 13:51,Business,Cary,Apex,4.4,Meal/Entertain,6
07-09-2016 09:03,07-09-2016 09:46,Business,New Orleans,Kenner,13,,0
4/14/2016 7:29,4/14/2016 8:09,Business,Cary,Holly Springs,6,Temporary Site,9
7/31/2016 17:30,7/31/2016 17:37,Business,Westpark Place,Whitebridge,1.8,,0
3/16/2016 14:44,3/16/2016 14:55,Business,Convention Center District,West University,9.5,,0
12/24/2016 9:19,12/24/2016 9:55,Business,Unknown Location,Lahore,65.6,Meal/Entertain,6
3/17/2016 15:16,3/17/2016 15:58,Business,Katy,Houston,30.2,Meeting,7
2/21/2016 12:13,2/21/2016 12:35,Business,Islamabad,Unknown Location,8.8,Meal/Entertain,6
7/26/2016 15:43,7/26/2016 15:49,Business,Whitebridge,Westpark Place,2.2,,0
12/20/2016 16:56,12/20/2016 17:07,Business,Islamabad,Islamabad,1.4,Errand/Supplies,5
3/31/2016 12:47,3/31/2016 13:22,Business,Kissimmee,Orlando,99.2,Temporary Site,9
06-06-2016 15:36,06-06-2016 15:45,Business,Whitebridge,Hazelwood,3,Errand/Supplies,5
6/26/2016 19:41,6/26/2016 19:50,Business,Kenner,Kenner,2.2,,0
12-03-2016 18:35,12-03-2016 18:56,Business,Cary,Wake Co.,6.6,Errand/Supplies,5
6/28/2016 23:34,6/28/2016 23:59,Business,Durham,Cary,9.9,Meeting,7
3/20/2016 7:37,3/20/2016 7:48,Business,Midtown,Washington Avenue,5.9,Meeting,7
12/26/2016 8:30,12/26/2016 8:41,Business,Lahore,Lahore,3.2,Meal/Entertain,6
01-12-2016 15:13,01-12-2016 15:28,Business,Hudson Square,Hell's Kitchen,61.8,Customer Visit,4
06-08-2016 14:31,06-08-2016 14:37,Business,Medical Centre,Tudor City,29,Errand/Supplies,5
2/26/2016 17:01,2/26/2016 17:12,Personal,Hazelwood,Whitebridge,70.4,,0
1/21/2016 16:01,1/21/2016 16:06,Business,Cary,Cary,1,Meal/Entertain,6
12/24/2016 17:12,12/24/2016 17:27,Business,Lahore,Lahore,1.7,Errand/Supplies,5
7/26/2016 17:14,7/26/2016 17:24,Business,Westpark Place,Whitebridge,2.1,,0
07-08-2016 09:50,07-08-2016 10:13,Business,CBD,Pontchartrain Beach,59.4,,0
11/20/2016 17:45,11/20/2016 18:37,Business,Cary,Cary,70.2,Errand/Supplies,5
1/27/2016 10:19,1/27/2016 10:48,Business,Cary,Raleigh,59.2,Customer Visit,4
07-09-2016 09:03,07-09-2016 09:46,Business,New Orleans,Kenner,13,,0
12/14/2016 17:50,12/14/2016 18:00,Business,Cary,Morrisville,3,Meal/Entertain,6
02-09-2016 10:54,02-09-2016 11:07,Personal,Whitebridge,Northwoods,5.3,,0
8/15/2016 16:52,8/15/2016 17:30,Business,Unknown Location,Unknown Location,94,,0
08-06-2016 09:31,08-06-2016 09:53,Business,Morrisville,Cary,8,,0
07-05-2016 22:41,07-05-2016 23:02,Business,Durham,Morrisville,8.6,,0
4/16/2016 15:10,4/16/2016 15:26,Business,Morrisville,Cary,6.1,Meal/Entertain,6
12/13/2016 18:19,12/13/2016 18:29,Business,Cary,Cary,4.2,Errand/Supplies,5
2/29/2016 14:55,2/29/2016 15:03,Business,Whitebridge,Hazelwood,2.6,,0
01-06-2016 14:42,01-06-2016 15:49,Business,Fort Pierce,West Palm Beach,63.7,Customer Visit,4
11-02-2016 15:45,11-02-2016 15:52,Business,Westpark Place,Whitebridge,1.8,,0
5/20/2016 15:43,5/20/2016 16:12,Business,Morrisville,Cary,8.2,Meal/Entertain,6
12/24/2016 13:08,12/24/2016 13:29,Business,Lahore,Lahore,3.6,Errand/Supplies,5
6/28/2016 20:13,6/28/2016 20:33,Business,Cary,Durham,64.6,Meeting,7
1/29/2016 11:43,1/29/2016 12:03,Business,Cary,Durham,96.6,Meeting,7
12/24/2016 9:19,12/24/2016 9:55,Business,Unknown Location,Lahore,19,Meal/Entertain,6
6/24/2016 12:50,6/24/2016 13:12,Business,Raleigh,Morrisville,9,Errand/Supplies,5
11-09-2016 18:40,11-09-2016 19:17,Business,San Francisco,Oakland,12.7,Customer Visit,4
6/29/2016 20:11,6/29/2016 20:29,Business,Cary,Durham,20.2,Meeting,7
11-12-2016 10:55,11-12-2016 11:25,Business,South,Downtown,92.7,,0
10/22/2016 13:26,10/22/2016 14:03,Business,Cary,Raleigh,71.6,,0
11/15/2016 13:59,11/15/2016 14:06,Business,Berkeley,Oakland,5.1,,0
07-03-2016 20:00,07-03-2016 20:18,Business,Cary,Durham,9.9,Meeting,7
10/14/2016 8:50,10/14/2016 9:44,Business,Unknown Location,Rawalpindi,71.8,,0
11/30/2016 11:53,11/30/2016 12:35,Business,Raleigh,Morrisville,6.7,Temporary Site,9
04-02-2016 19:38,04-02-2016 22:36,Business,Jacksonville,Ridgeland,174.2,Customer Visit,4
11-11-2016 12:58,11-11-2016 13:13,Business,Menlo Park,Palo Alto,90.9,,0
2/21/2016 14:36,2/21/2016 15:03,Business,Unknown Location,Islamabad,9,Temporary Site,9
9/28/2016 17:21,9/28/2016 19:36,Business,Islamabad,Unknown Location,19.9,,0
10-03-2016 18:51,10-03-2016 19:01,Business,Islamabad,Islamabad,1.6,,0
06-01-2016 10:19,06-01-2016 10:47,Business,Cary,Morrisville,6.7,Customer Visit,4
7/14/2016 15:51,7/14/2016 15:59,Personal,Cary,Morrisville,3.3,,0
2/26/2016 11:05,2/26/2016 11:11,Personal,Westpark Place,Whitebridge,1.7,,0
6/15/2016 17:29,6/15/2016 17:49,Personal,Lakeview,Storyville,81.8,,0
01-12-2016 15:13,01-12-2016 15:28,Business,Hudson Square,Hell's Kitchen,42,Customer Visit,4
09-01-2016 17:21,09-01-2016 17:36,Business,Islamabad,Unknown Location,39.4,,0
11-02-2016 17:34,11-02-2016 17:49,Business,Morrisville,Morrisville,5,,0
07-06-2016 23:46,07-06-2016 23:59,Business,Morrisville,Cary,3.1,Customer Visit,4
6/26/2016 21:14,6/26/2016 21:42,Business,Kenner,New Orleans,93.5,,0
10/16/2016 15:10,10/16/2016 15:19,Business,Morrisville,Cary,3.1,,0
2/14/2016 0:50,2/14/2016 1:00,Personal,Jackson Heights,East Elmhurst,84.9,,0
08-11-2016 12:53,08-11-2016 13:00,Business,Whitebridge,Heritage Pines,2.2,,0
07-12-2016 19:21,07-12-2016 19:26,Personal,Kenner,Kenner,1.4,,0
03-04-2016 19:16,03-04-2016 19:25,Business,Morrisville,Cary,2,Meal/Entertain,6
8/26/2016 15:59,8/26/2016 16:24,Business,Lahore,Unknown Location,7.9,,0
07-05-2016 00:00,07-05-2016 00:05,Business,Parkwood,Parkwood,4.8,Errand/Supplies,5
8/26/2016 12:10,8/26/2016 12:20,Business,Unknown Location,Lahore,3.9,,0
7/13/2016 13:25,7/13/2016 13:39,Personal,Morrisville,Morrisville,2.2,,0
2/24/2016 14:30,2/24/2016 14:35,Business,Whitebridge,Preston,1.5,,0
06-08-2016 14:31,06-08-2016 14:37,Business,Medical Centre,Tudor City,87,Errand/Supplies,5
11/23/2016 16:18,11/23/2016 16:29,Business,Cary,Cary,1.9,,0
8/27/2016 9:34,8/27/2016 10:11,Business,Unknown Location,Lahore,9.6,,0
2/24/2016 15:19,2/24/2016 15:25,Business,Preston,Whitebridge,37.6,Errand/Supplies,5
12/30/2016 15:41,12/30/2016 16:03,Business,Karachi,Karachi,4.6,Errand/Supplies,5
11-01-2016 16:29,11-01-2016 17:02,Business,Durham,Cary,65.3,,0
7/27/2016 19:08,7/27/2016 19:20,Business,Cary,Morrisville,2.8,,0
02-04-2016 20:36,02-04-2016 20:55,Business,Cary,Cary,7.7,Meeting,7
7/26/2016 17:14,7/26/2016 17:24,Business,Westpark Place,Whitebridge,2.1,,0
2/29/2016 14:55,2/29/2016 15:03,Business,Whitebridge,Hazelwood,2.6,,0
8/28/2016 21:15,8/28/2016 21:59,Business,Islamabad,Unknown Location,3.3,,0
8/27/2016 12:12,8/27/2016 12:17,Business,Lahore,Lahore,0.9,,0
6/14/2016 16:09,6/14/2016 16:39,Business,San Francisco,Emeryville,11.6,Meeting,7
08-06-2016 09:31,08-06-2016 09:53,Business,Morrisville,Cary,8,,0
09-12-2016 08:07,09-12-2016 08:12,Business,Unknown Location,Unknown Location,3.6,,0
6/27/2016 10:51,6/27/2016 10:58,Business,Covington,Covington,69.6,,0
11/16/2016 22:52,11/16/2016 23:02,Business,El Cerrito,Berkeley,50.3,Meal/Entertain,6
02-02-2016 14:38,02-02-2016 14:42,Business,Cary,Cary,1.6,Errand/Supplies,5
02-07-2016 18:39,02-07-2016 18:53,Business,Cary,Morrisville,6.1,Temporary Site,9
1/27/2016 9:24,1/27/2016 9:31,Business,Cary,Cary,1.8,Meeting,7
8/17/2016 16:29,8/17/2016 16:50,Business,Islamabad,Unknown Location,7.3,,0
8/16/2016 10:31,8/16/2016 10:38,Business,Islamabad,Islamabad,1.2,,0
03-04-2016 11:46,03-04-2016 12:06,Business,Cary,Durham,93.7,Meeting,7
11-01-2016 16:29,11-01-2016 17:02,Business,Durham,Cary,25.7,,0
10/30/2016 15:22,10/30/2016 18:23,Business,Asheville,Mebane,195.9,,0
10-03-2016 18:51,10-03-2016 19:01,Business,Islamabad,Islamabad,1.6,,0
10/24/2016 16:34,10/24/2016 16:41,Business,Morrisville,Cary,2.2,,0
02-05-2016 11:47,02-05-2016 12:07,Business,Cary,Durham,27.4,Meeting,7
11-06-2016 19:04,11-06-2016 19:12,Business,Downtown,West Berkeley,2.3,,0
8/17/2016 16:54,8/17/2016 17:00,Business,Unknown Location,Unknown Location,5.3,,0
2/16/2016 10:31,2/16/2016 10:41,Business,Colombo,Colombo,7.6,,0
6/16/2016 19:39,6/16/2016 19:56,Business,New Orleans,Kenner,12.9,,0
2/22/2016 21:54,2/22/2016 22:09,Business,Morrisville,Cary,8.1,Customer Visit,4
3/30/2016 22:05,3/30/2016 22:55,Business,Orlando,Kissimmee,28.8,Meal/Entertain,6
12/28/2016 15:04,12/28/2016 15:39,Business,Karachi,Unknown Location,8.5,Meal/Entertain,6
1/21/2016 14:25,1/21/2016 14:29,Business,Cary,Cary,1.6,Errand/Supplies,5
11/13/2016 14:35,11/13/2016 14:46,Business,Southside,Central,54.3,,0
04-12-2016 12:22,04-12-2016 12:44,Business,Raleigh,Morrisville,46.7,Meeting,7
11/25/2016 11:47,11/25/2016 12:04,Business,Cary,Durham,53,Meeting,7
08-01-2016 15:40,08-01-2016 15:47,Business,Apex,Cary,4.6,,0
10-07-2016 18:33,10-07-2016 19:01,Business,Lahore,Lahore,6.1,,0
12-03-2016 18:35,12-03-2016 18:56,Business,Cary,Wake Co.,6.6,Errand/Supplies,5
03-01-2016 21:27,03-01-2016 21:45,Business,Wayne Ridge,Whitebridge,68.6,Meeting,7
8/28/2016 17:37,8/28/2016 17:55,Business,Islamabad,Islamabad,5.3,,0
3/18/2016 7:15,3/18/2016 7:21,Business,Midtown,Midtown,1.1,Meal/Entertain,6
9/30/2016 20:59,9/30/2016 22:34,Business,Islamabad,Unknown Location,64.6,,0
8/28/2016 9:57,8/28/2016 10:18,Business,Unknown Location,Noorpur Shahan,96.7,,0
3/16/2016 11:34,3/16/2016 11:45,Business,The Drag,Congress Ave District,72.6,Meal/Entertain,6
4/24/2016 19:07,4/24/2016 19:16,Business,Cary,Morrisville,3.1,Errand/Supplies,5
2/26/2016 9:06,2/26/2016 9:29,Business,Whitebridge,Westpark Place,6.3,,0
12-05-2016 18:04,12-05-2016 18:17,Business,Cary,Cary,4.1,,0
12/29/2016 0:49,12/29/2016 1:06,Business,Karachi,Karachi,3.8,Errand/Supplies,5
8/27/2016 12:12,8/27/2016 12:17,Business,Lahore,Lahore,0.9,,0
6/27/2016 7:37,6/27/2016 8:48,Business,New Orleans,Covington,46.9,,0
2/26/2016 14:38,2/26/2016 14:46,Personal,Whitebridge,Westpark Place,1.9,,0
3/21/2016 10:21,3/21/2016 10:26,Personal,Midtown,Downtown,1,,0
07-07-2016 10:27,07-07-2016 10:33,Business,Morrisville,Cary,8.9,,0
12/28/2016 18:33,12/28/2016 18:56,Business,Karachi,Karachi,3.8,Errand/Supplies,5
4/29/2016 11:44,4/29/2016 12:01,Business,Cary,Durham,9.9,Meeting,7
12/20/2016 18:47,12/20/2016 19:21,Business,Islamabad,Unknown Location,39.4,Customer Visit,4
12-01-2016 20:36,12-01-2016 20:46,Business,Morrisville,Cary,2.9,Customer Visit,4
8/23/2016 13:19,8/23/2016 13:30,Business,Noorpur Shahan,Islamabad,95.4,,0
10/19/2016 13:45,10/19/2016 13:56,Business,SOMISSPO,French Quarter,47.2,,0
11-11-2016 14:39,11-11-2016 15:46,Business,Menlo Park,Berkeley,36.6,Customer Visit,4
03-08-2016 16:13,03-08-2016 16:25,Personal,Whitebridge,Whitebridge,1.6,,0
3/31/2016 14:37,3/31/2016 15:09,Business,Orlando,Kissimmee,16.4,Meal/Entertain,6
11-03-2016 11:28,11-03-2016 11:34,Business,Whitebridge,Hazelwood,2.5,,0
7/18/2016 21:11,7/18/2016 21:19,Business,Morrisville,Cary,3.8,Meal/Entertain,6
12/21/2016 7:42,12/21/2016 8:10,Business,Unknown Location,Unknown Location,82.3,Meeting,7
03-05-2016 12:57,03-05-2016 13:12,Personal,Weston,Weston,76.8,,0
04-02-2016 08:48,04-02-2016 09:04,Personal,Kissimmee,Kissimmee,5.5,,0
8/17/2016 10:17,8/17/2016 10:41,Business,Unknown Location,Unknown Location,2.6,,0
3/20/2016 18:45,3/20/2016 19:06,Business,Briar Meadow,Midtown,76.9,Customer Visit,4
11-05-2016 08:34,11-05-2016 08:43,Business,Agnew,Renaissance,73.1,,0
06-06-2016 16:16,06-06-2016 16:24,Business,Hazelwood,Whitebridge,48,Errand/Supplies,5
08-07-2016 18:17,08-07-2016 18:23,Business,Cary,Morrisville,2.5,,0
9/14/2016 11:55,9/14/2016 11:59,Business,Unknown Location,Unknown Location,0.7,,0
07-06-2016 00:33,07-06-2016 00:53,Business,Morrisville,Cary,6.3,Meal/Entertain,6
8/30/2016 12:46,8/30/2016 13:09,Business,Unknown Location,Islamabad,8.8,,0
08-07-2016 17:14,08-07-2016 17:23,Business,Whitebridge,Edgehill Farms,2.7,,0
12/26/2016 8:30,12/26/2016 8:41,Business,Lahore,Lahore,3.2,Meal/Entertain,6
7/25/2016 10:35,7/25/2016 10:41,Business,Whitebridge,Parkway,1.5,,0
7/21/2016 18:27,7/21/2016 18:42,Business,Cary,Morrisville,3.7,,0
08-03-2016 14:59,08-03-2016 15:03,Business,K Street,Kalorama Triangle,60.5,,0
01-11-2016 14:30,01-11-2016 14:43,Business,Midtown East,Midtown,49.6,Meal/Entertain,6
9/23/2016 13:15,9/23/2016 13:40,Business,Karachi,Karachi,2.9,,0
8/15/2016 16:52,8/15/2016 17:30,Business,Unknown Location,Unknown Location,51.4,,0
06-12-2016 19:53,06-12-2016 19:56,Business,Cary,Morrisville,2.5,Meal/Entertain,6
12/29/2016 13:56,12/29/2016 14:11,Business,Karachi,Karachi,4.1,Airport/Travel,1
3/20/2016 11:42,3/20/2016 11:56,Business,Washington Avenue,Midtown,32.7,Meeting,7
06-03-2016 13:08,06-03-2016 13:38,Business,Durham,Cary,9.9,Meeting,7
01-10-2016 08:05,01-10-2016 08:25,Business,Cary,Morrisville,8.3,Meeting,7
10/31/2016 21:45,10/31/2016 22:10,Business,Savon Height,Whitebridge,68.2,Errand/Supplies,5
12-02-2016 22:59,12-02-2016 23:07,Business,Morrisville,Cary,3,Customer Visit,4
9/15/2016 20:33,9/15/2016 20:38,Business,Unknown Location,Unknown Location,0.9,,0
7/18/2016 11:25,7/18/2016 11:36,Personal,Northwoods,Preston,10.2,Moving,8
06-11-2016 17:34,06-11-2016 17:39,Business,Morrisville,Cary,4.6,Meal/Entertain,6
07-07-2016 08:22,07-07-2016 08:50,Business,Cary,Morrisville,7.9,Temporary Site,9
3/20/2016 18:34,3/20/2016 18:40,Personal,Sharpstown,Briar Meadow,17,,0
2/21/2016 11:39,2/21/2016 11:43,Business,Unknown Location,Islamabad,2.4,Errand/Supplies,5
4/19/2016 17:44,4/19/2016 18:08,Business,Whitebridge,Wayne Ridge,8.2,Meal/Entertain,6
7/16/2016 22:50,7/16/2016 23:03,Business,Banner Elk,Banner Elk,15.9,Errand/Supplies,5
07-09-2016 10:15,07-09-2016 10:33,Business,Metairie,New Orleans,47.2,,0
08-01-2016 15:40,08-01-2016 15:47,Business,Apex,Cary,4.6,,0
10/27/2016 21:26,10/27/2016 21:48,Business,Morrisville,Cary,6.2,,0
08-02-2016 21:23,08-02-2016 21:29,Business,K Street,Kalorama Triangle,72.9,,0
10-03-2016 17:09,10-03-2016 17:12,Business,Unknown Location,Islamabad,24.8,,0
12-01-2016 08:37,12-01-2016 08:53,Business,Cary,Cary,5.5,Errand/Supplies,5
08-10-2016 17:53,08-10-2016 18:28,Business,Durham,Apex,63.2,,0
10-03-2016 18:51,10-03-2016 19:01,Business,Islamabad,Islamabad,1.6,,0
5/17/2016 13:15,5/17/2016 13:23,Business,Whitebridge,Preston,2.8,Errand/Supplies,5
03-03-2016 11:04,03-03-2016 11:10,Business,Westpark Place,Whitebridge,2.3,Errand/Supplies,5
6/21/2016 15:39,6/21/2016 16:08,Business,Cary,Raleigh,97,,0
7/18/2016 11:25,7/18/2016 11:36,Personal,Northwoods,Preston,88.4,Moving,8
12-04-2016 18:56,12-04-2016 19:03,Business,Cary,Morrisville,2.9,Meal/Entertain,6
02-02-2016 14:38,02-02-2016 14:42,Business,Cary,Cary,1.6,Errand/Supplies,5
10/28/2016 13:06,10/28/2016 13:36,Business,Durham,Cary,9.9,Meeting,7
11-11-2016 09:35,11-11-2016 10:23,Business,Berkeley,Menlo Park,86.5,Customer Visit,4
02-12-2016 15:33,02-12-2016 16:06,Business,Morrisville,Cary,91.9,Customer Visit,4
11-09-2016 18:21,11-09-2016 18:35,Business,Ingleside,Potrero Flats,69.9,Meeting,7
2/25/2016 16:47,2/25/2016 17:02,Business,Heritage Pines,Whitebridge,6.2,Errand/Supplies,5
11-07-2016 12:28,11-07-2016 12:57,Business,Berkeley,San Francisco,62.8,Between Offices,2
1/18/2016 14:55,1/18/2016 15:06,Business,Cary,Cary,4.8,Meal/Entertain,6
10/14/2016 15:56,10/14/2016 16:20,Business,Unknown Location,Unknown Location,3.8,,0
3/22/2016 12:06,3/22/2016 12:24,Personal,Morrisville,Cary,8.1,,0
10/20/2016 12:19,10/20/2016 13:17,Business,Berkeley,San Jose,46,,0
07-08-2016 13:48,07-08-2016 14:11,Business,New Orleans,Metairie,12.5,,0
11-12-2016 15:14,11-12-2016 15:21,Business,South,Southwest Berkeley,89.4,,0
7/15/2016 15:03,7/15/2016 15:33,Personal,Elk Park,Banner Elk,12.2,,0
08-10-2016 17:53,08-10-2016 18:28,Business,Durham,Apex,68,,0
07-12-2016 19:21,07-12-2016 19:26,Personal,Kenner,Kenner,1.4,,0
3/31/2016 14:37,3/31/2016 15:09,Business,Orlando,Kissimmee,16.4,Meal/Entertain,6
11-03-2016 18:51,11-03-2016 19:08,Business,Cary,Morrisville,3.1,Meal/Entertain,6
11-06-2016 19:04,11-06-2016 19:12,Business,Downtown,West Berkeley,77.7,,0
8/25/2016 17:19,8/25/2016 19:20,Business,Unknown Location,Unknown Location,74.8,,0
11-01-2016 19:59,11-01-2016 20:12,Business,Whitebridge,Whitebridge,4.1,,0
07-05-2016 22:41,07-05-2016 23:02,Business,Durham,Morrisville,8.6,,0
10/16/2016 19:27,10/16/2016 19:33,Business,Whitebridge,Parkway,2.1,Meeting,7
01-05-2016 17:31,01-05-2016 17:45,Business,Fort Pierce,Fort Pierce,52.9,Meeting,7
7/19/2016 10:35,7/19/2016 10:51,Business,Whitebridge,Stonewater,6.4,Customer Visit,4
4/22/2016 8:25,4/22/2016 9:04,Business,Cary,Raleigh,91.6,Meeting,7
12-04-2016 20:23,12-04-2016 20:34,Business,Morrisville,Cary,3.4,Customer Visit,4
2/16/2016 16:34,2/16/2016 17:10,Business,Colombo,Colombo,30.1,,0
02-09-2016 13:36,02-09-2016 13:52,Personal,Tanglewood,Preston,30.2,,0
5/20/2016 15:43,5/20/2016 16:12,Business,Morrisville,Cary,8.2,Meal/Entertain,6
03-11-2016 10:29,03-11-2016 10:36,Business,Congress Ave District,Downtown,96.9,,0
07-02-2016 20:18,07-02-2016 20:36,Business,Cary,Durham,12.1,Meeting,7
02-02-2016 13:04,02-02-2016 13:23,Business,Whitebridge,Williamsburg Manor,8.3,Meeting,7
4/22/2016 13:02,4/22/2016 13:26,Business,Durham,Cary,10,Meeting,7
07-04-2016 20:00,07-04-2016 20:17,Business,Cary,Durham,45.8,Meeting,7
03-08-2016 16:13,03-08-2016 16:25,Personal,Whitebridge,Whitebridge,1.6,,0
6/14/2016 12:03,6/14/2016 12:21,Business,Emeryville,San Francisco,77.3,,0
7/13/2016 12:39,7/13/2016 13:20,Personal,Cary,Morrisville,61.7,,0
12/29/2016 15:05,12/29/2016 15:16,Business,Karachi,Karachi,1.3,Errand/Supplies,5
5/28/2016 14:35,5/28/2016 15:04,Business,Morrisville,Cary,70.1,Customer Visit,4
4/23/2016 17:03,4/23/2016 17:16,Business,Whitebridge,Tanglewood,6,Meal/Entertain,6
8/17/2016 16:54,8/17/2016 17:00,Business,Unknown Location,Unknown Location,5.3,,0
12/27/2016 7:02,12/27/2016 7:14,Business,Karachi,Karachi,4.9,Temporary Site,9
08-08-2016 17:02,08-08-2016 17:13,Business,Edgehill Farms,Whitebridge,14,Customer Visit,4
8/17/2016 14:45,8/17/2016 14:50,Business,Unknown Location,Rawalpindi,1.4,,0
11/19/2016 14:30,11/19/2016 14:51,Business,Durham,Cary,69.7,Meeting,7
8/16/2016 8:16,8/16/2016 8:23,Business,Unknown Location,Unknown Location,2.7,,0
2/19/2016 11:45,2/19/2016 11:50,Personal,Islamabad,Islamabad,1,,0
11-11-2016 18:30,11-11-2016 18:43,Business,Central,College Avenue,63.7,,0
10-08-2016 15:03,10-08-2016 15:03,Business,Karachi,Karachi,3.6,,0
8/18/2016 18:40,8/18/2016 19:07,Business,Unknown Location,Unknown Location,7.6,Temporary Site,9
7/18/2016 20:28,7/18/2016 20:32,Business,Hazelwood,Weston,88.2,Errand/Supplies,5
8/16/2016 11:47,8/16/2016 12:03,Business,Islamabad,Unknown Location,5.7,Temporary Site,9
3/20/2016 17:08,3/20/2016 17:34,Business,Midtown,Sharpstown,15.3,,0
4/29/2016 13:13,4/29/2016 13:34,Business,Durham,Cary,10,Meeting,7
10/18/2016 19:03,10/18/2016 19:13,Business,Emeryville,Berkeley,97.8,,0
3/22/2016 19:12,3/22/2016 19:25,Personal,Whitebridge,Whitebridge,1.4,,0
12/13/2016 18:19,12/13/2016 18:29,Business,Cary,Cary,4.2,Errand/Supplies,5
11-12-2016 10:32,11-12-2016 10:52,Business,Central,South,77,,0
6/16/2016 19:39,6/16/2016 19:56,Business,New Orleans,Kenner,12.9,,0
8/23/2016 12:59,8/23/2016 13:15,Business,Unknown Location,Noorpur Shahan,7.7,,0
05-09-2016 19:35,05-09-2016 19:59,Business,Sunnyvale,Newark,17.6,Customer Visit,4
4/15/2016 12:29,4/15/2016 12:32,Business,Meredith Townes,Harden Place,97,Errand/Supplies,5
7/22/2016 11:11,7/22/2016 11:25,Business,Morrisville,Cary,5.1,,0
12-11-2016 19:05,12-11-2016 19:15,Business,Morrisville,Cary,4.8,Errand/Supplies,5
10/18/2016 19:03,10/18/2016 19:13,Business,Emeryville,Berkeley,16.4,,0
12-09-2016 22:03,12-09-2016 22:57,Business,Cary,Cary,67.3,Customer Visit,4
12/23/2016 14:15,12/23/2016 15:25,Business,Unknown Location,Unknown Location,9.6,Meeting,7
12-04-2016 20:23,12-04-2016 20:34,Business,Morrisville,Cary,3.4,Customer Visit,4
7/21/2016 18:27,7/21/2016 18:42,Business,Cary,Morrisville,3.7,,0
11-10-2016 14:57,11-10-2016 15:07,Business,SOMISSPO,Tenderloin,64.7,,0
7/15/2016 15:03,7/15/2016 15:33,Personal,Elk Park,Banner Elk,12.2,,0
12-10-2016 18:17,12-10-2016 18:27,Business,Cary,Morrisville,3,Meal/Entertain,6
08-08-2016 21:50,08-08-2016 22:15,Business,Cary,Morrisville,4.8,,0
03-04-2016 13:40,03-04-2016 14:09,Business,Cary,Raleigh,75.4,Customer Visit,4
10/27/2016 18:51,10/27/2016 19:16,Business,Cary,Morrisville,8.4,Meeting,7
11/13/2016 15:14,11/13/2016 15:24,Business,Central,Southside,3.1,,0
06-06-2016 21:08,06-06-2016 21:37,Business,Apex,Cary,7.2,Meal/Entertain,6
12-03-2016 19:08,12-03-2016 19:15,Business,Wake Co.,Morrisville,94.7,,0
12/20/2016 8:49,12/20/2016 9:24,Business,Unknown Location,Rawalpindi,33.9,,0
3/22/2016 6:17,3/22/2016 6:43,Business,Midtown,Greater Greenspoint,11.6,Meal/Entertain,6
02-07-2016 20:22,02-07-2016 20:40,Business,Morrisville,Cary,6.1,Meeting,7
9/27/2016 8:33,9/27/2016 8:35,Business,Unknown Location,Unknown Location,5.8,,0
3/27/2016 23:04,3/27/2016 23:18,Personal,Orlando,Kissimmee,92.9,,0
9/19/2016 14:40,9/19/2016 14:56,Business,Unknown Location,Islamabad,50.6,,0
10/29/2016 17:13,10/29/2016 19:19,Business,Hayesville,Topton,75.7,,0
3/31/2016 14:37,3/31/2016 15:09,Business,Orlando,Kissimmee,16.4,Meal/Entertain,6
07-10-2016 16:04,07-10-2016 16:15,Business,St Thomas,CBD,27.8,,0
8/16/2016 8:46,8/16/2016 8:53,Business,Unknown Location,Unknown Location,5.5,,0
8/19/2016 10:57,8/19/2016 11:06,Business,Rawalpindi,Unknown Location,2,,0
07-07-2016 10:27,07-07-2016 10:33,Business,Morrisville,Cary,8.9,,0
05-01-2016 17:54,05-01-2016 18:10,Business,Tanglewood,Parkway,46,Meeting,7
1/27/2016 9:24,1/27/2016 9:31,Business,Cary,Cary,1.8,Meeting,7
10/16/2016 15:10,10/16/2016 15:19,Business,Morrisville,Cary,3.1,,0
11/18/2016 21:23,11/18/2016 21:34,Business,Morrisville,Cary,5.2,Meal/Entertain,6
8/22/2016 19:58,8/22/2016 20:50,Business,Unknown Location,Rawalpindi,7.9,,0
06-03-2016 18:41,06-03-2016 18:53,Business,Morrisville,Cary,3.1,Errand/Supplies,5
7/26/2016 22:31,7/26/2016 22:39,Business,Morrisville,Cary,2.5,Meal/Entertain,6
12/20/2016 13:14,12/20/2016 13:20,Business,Unknown Location,Unknown Location,1.7,Errand/Supplies,5
03-11-2016 19:21,03-11-2016 19:35,Business,South Congress,The Drag,20.1,,0
10/31/2016 18:11,10/31/2016 18:20,Business,Cary,Morrisville,3.2,,0
2/18/2016 15:16,2/18/2016 15:31,Business,Islamabad,Unknown Location,6,Temporary Site,9
8/27/2016 9:34,8/27/2016 10:11,Business,Unknown Location,Lahore,9.6,,0
12/19/2016 14:18,12/19/2016 14:32,Business,Unknown Location,Unknown Location,5.3,,0
12/22/2016 18:38,12/22/2016 18:47,Business,Unknown Location,Unknown Location,15.2,Temporary Site,9
7/31/2016 17:30,7/31/2016 17:37,Business,Westpark Place,Whitebridge,1.8,,0
11/14/2016 20:19,11/14/2016 20:30,Business,Emeryville,Berkeley,99.3,Errand/Supplies,5
11/13/2016 11:04,11/13/2016 11:16,Business,Southside,West Berkeley,33.5,,0
1/29/2016 13:24,1/29/2016 13:47,Business,Durham,Cary,70.3,Meeting,7
10/15/2016 22:28,10/15/2016 22:48,Business,Morrisville,Morrisville,6.2,,0
8/29/2016 15:49,8/29/2016 15:59,Business,Unknown Location,Islamabad,2.8,,0
08-11-2016 13:32,08-11-2016 13:42,Business,Edgehill Farms,Whitebridge,99.3,,0
06-11-2016 23:39,06-12-2016 00:05,Business,Durham,Cary,9.9,Meeting,7
6/25/2016 10:18,6/25/2016 10:25,Business,Chalmette,Arabi,37.5,Errand/Supplies,5
2/16/2016 11:32,2/16/2016 12:02,Business,Colombo,Colombo,66.4,,0
8/26/2016 19:31,8/26/2016 19:54,Business,Lahore,Lahore,3.8,,0
10/18/2016 18:12,10/18/2016 18:33,Business,Oakland,Emeryville,13,,0
4/24/2016 19:07,4/24/2016 19:16,Business,Cary,Morrisville,3.1,Errand/Supplies,5
08-01-2016 13:52,08-01-2016 14:14,Business,Cary,Apex,6.9,,0
08-11-2016 13:32,08-11-2016 13:42,Business,Edgehill Farms,Whitebridge,51.3,,0
7/16/2016 19:42,7/16/2016 20:35,Personal,Boone,Banner Elk,23.8,,0
09-06-2016 17:49,09-06-2016 17:49,Business,Unknown Location,Unknown Location,21.8,,0
12/21/2016 7:42,12/21/2016 8:10,Business,Unknown Location,Unknown Location,32.8,Meeting,7
11/19/2016 13:51,11/19/2016 14:10,Business,Cary,Durham,69.4,Meeting,7
02-06-2016 16:20,02-06-2016 16:53,Business,Cary,Raleigh,46.5,Between Offices,2
01-07-2016 13:27,01-07-2016 13:33,Business,Cary,Cary,0.8,Meeting,7
12/20/2016 13:54,12/20/2016 14:17,Business,Unknown Location,Islamabad,5.7,Temporary Site,9
1/20/2016 11:48,1/20/2016 12:19,Business,Fayetteville Street,Umstead,15.1,Meeting,7
11/19/2016 21:14,11/19/2016 21:35,Business,Apex,Cary,5.4,Customer Visit,4
04-02-2016 16:57,04-02-2016 18:09,Business,Daytona Beach,Jacksonville,80.5,Customer Visit,4
7/18/2016 17:12,7/18/2016 17:33,Business,Cary,Apex,7.2,Meeting,7
02-04-2016 08:40,02-04-2016 09:01,Business,Cary,Morrisville,5.2,Errand/Supplies,5
4/14/2016 7:29,4/14/2016 8:09,Business,Cary,Holly Springs,94.1,Temporary Site,9
10/19/2016 13:45,10/19/2016 13:56,Business,SOMISSPO,French Quarter,80.9,,0
5/28/2016 0:15,5/28/2016 0:21,Business,Kilarney Woods,Whitebridge,85.3,Errand/Supplies,5
7/19/2016 11:30,7/19/2016 12:00,Business,Lexington Park at Amberly,Whitebridge,87.5,Meal/Entertain,6
4/29/2016 11:44,4/29/2016 12:01,Business,Cary,Durham,9.9,Meeting,7
8/16/2016 8:16,8/16/2016 8:23,Business,Unknown Location,Unknown Location,2.7,,0
3/20/2016 17:08,3/20/2016 17:34,Business,Midtown,Sharpstown,85.6,,0
03-11-2016 19:21,03-11-2016 19:35,Business,South Congress,The Drag,55.4,,0
6/27/2016 10:22,6/27/2016 10:39,Business,Covington,Covington,72,,0
12/15/2016 14:20,12/15/2016 14:54,Business,Cary,Morrisville,93.9,Meeting,7
12/29/2016 20:53,12/29/2016 21:42,Business,Karachi,Unknown Location,6.4,,0
7/13/2016 12:39,7/13/2016 13:20,Personal,Cary,Morrisville,22.3,,0
10-06-2016 08:49,10-06-2016 11:36,Business,Unknown Location,Rawalpindi,47.4,,0
12-02-2016 20:41,12-02-2016 20:48,Business,Cary,Morrisville,3.3,Meal/Entertain,6
7/27/2016 22:00,7/27/2016 22:26,Business,Raleigh,Morrisville,12.7,,0
3/21/2016 20:18,3/21/2016 20:55,Business,Sharpstown,Midtown,25.6,Meal/Entertain,6
3/18/2016 8:35,3/18/2016 8:43,Business,Midtown,Midtown,1.1,Meal/Entertain,6
11/17/2016 10:13,11/17/2016 10:44,Business,Berkeley,Oakland,18.3,Customer Visit,4
10/24/2016 16:34,10/24/2016 16:41,Business,Morrisville,Cary,2.2,,0
11/22/2016 18:18,11/22/2016 18:28,Business,Cary,Morrisville,3,Meal/Entertain,6
11/26/2016 19:47,11/26/2016 19:54,Business,Cary,Cary,2.5,Errand/Supplies,5
8/25/2016 19:25,8/25/2016 19:57,Business,Unknown Location,Lahore,9.2,,0
06-11-2016 17:08,06-11-2016 17:16,Business,Cary,Morrisville,3.7,Errand/Supplies,5
7/18/2016 10:54,7/18/2016 11:15,Personal,Morrisville,Cary,6.1,Moving,8
03-05-2016 16:52,03-05-2016 17:13,Business,Cary,Morrisville,7.8,Meal/Entertain,6
3/24/2016 19:47,3/24/2016 19:54,Personal,Whitebridge,Westpark Place,2,,0
5/17/2016 14:34,5/17/2016 14:40,Business,Westpark Place,Whitebridge,1.9,Errand/Supplies,5
12/21/2016 19:49,12/21/2016 20:35,Business,Unknown Location,Rawalpindi,74.9,Meeting,7
12/21/2016 10:14,12/21/2016 10:30,Business,Unknown Location,Islamabad,4.9,Errand/Supplies,5
12-08-2016 14:53,12-08-2016 15:02,Business,Cary,Cary,3.4,Errand/Supplies,5
06-03-2016 15:31,06-03-2016 15:54,Business,Cary,Morrisville,6,Meal/Entertain,6
03-04-2016 16:43,03-04-2016 17:12,Business,Raleigh,Cary,93.1,Meeting,7
8/22/2016 15:59,8/22/2016 17:16,Business,Unknown Location,Unknown Location,53.5,,0
05-01-2016 17:33,05-01-2016 17:45,Business,Whitebridge,Tanglewood,6.2,Between Offices,2
12-03-2016 20:31,12-03-2016 20:41,Business,Morrisville,Cary,3,Customer Visit,4
6/21/2016 17:11,6/21/2016 18:02,Business,Raleigh,Cary,93.7,Meal/Entertain,6
08-07-2016 18:17,08-07-2016 18:23,Business,Cary,Morrisville,2.5,,0
5/27/2016 20:26,5/27/2016 20:30,Business,Whitebridge,Kildaire Farms,4.5,Errand/Supplies,5
3/28/2016 22:55,3/28/2016 23:26,Personal,Orlando,Kissimmee,25.7,,0
2/19/2016 9:21,2/19/2016 9:51,Business,Unknown Location,Unknown Location,22.1,Meeting,7
2/16/2016 12:39,2/16/2016 12:42,Business,Colombo,Colombo,40.2,,0
8/29/2016 14:31,8/29/2016 14:41,Business,Islamabad,Islamabad,2.5,,0
7/16/2016 14:14,7/16/2016 14:30,Personal,Newland,Newland,29.3,,0
2/29/2016 12:36,2/29/2016 12:48,Business,Apex,Cary,5.6,Meeting,7
06-06-2016 20:06,06-06-2016 20:20,Business,Cary,Apex,5.7,Meal/Entertain,6
6/27/2016 8:51,6/27/2016 9:00,Business,Covington,Covington,46.9,,0
09-01-2016 11:51,09-01-2016 12:24,Business,Unknown Location,Islamabad,32.4,,0
07-02-2016 23:48,07-03-2016 00:12,Business,Durham,Cary,9.9,Meeting,7
2/18/2016 8:19,2/18/2016 8:27,Business,Unknown Location,Unknown Location,5.3,Temporary Site,9
06-05-2016 15:57,06-05-2016 16:08,Business,Weston,Weston,38.8,Meal/Entertain,6
04-02-2016 23:11,04-03-2016 01:34,Business,Ridgeland,Florence,144,Meeting,7
10/31/2016 20:18,10/31/2016 20:44,Business,Raleigh,Cary,80.6,,0
07-10-2016 18:05,07-10-2016 18:21,Business,New Orleans,Kenner,13.6,,0
6/14/2016 16:09,6/14/2016 16:39,Business,San Francisco,Emeryville,11.6,Meeting,7
1/28/2016 15:11,1/28/2016 15:31,Business,Meredith Townes,Leesville Hollow,14.7,Meeting,7
10/22/2016 13:26,10/22/2016 14:03,Business,Cary,Raleigh,57.4,,0
05-09-2016 19:35,05-09-2016 19:59,Business,Sunnyvale,Newark,17.6,Customer Visit,4
6/27/2016 10:51,6/27/2016 10:58,Business,Covington,Covington,78.3,,0
03-04-2016 15:56,03-04-2016 16:08,Business,Raleigh,Raleigh,4.9,Meal/Entertain,6
12/29/2016 9:44,12/29/2016 10:07,Business,Karachi,Unknown Location,91.2,Meal/Entertain,6
11-02-2016 17:53,11-02-2016 18:00,Business,Morrisville,Cary,3.8,,0
12-10-2016 12:43,12-10-2016 13:16,Business,Cary,Fuquay-Varina,96.3,Meeting,7
4/30/2016 18:42,4/30/2016 18:57,Business,Whitebridge,Waverly Place,7.7,Meal/Entertain,6
8/29/2016 12:02,8/29/2016 12:31,Business,Unknown Location,Islamabad,64.1,,0
06-03-2016 22:47,06-03-2016 23:06,Business,Morrisville,Cary,4,Between Offices,2
10/25/2016 15:04,10/25/2016 15:11,Business,Apex,Eagle Rock,2.2,,0
11/13/2016 13:14,11/13/2016 13:18,Business,South Berkeley,Southside,35.7,,0
8/15/2016 19:08,8/15/2016 20:30,Business,Unknown Location,Unknown Location,13.2,Temporary Site,9
4/24/2016 21:41,4/24/2016 21:50,Business,Morrisville,Cary,4.2,Between Offices,2
04-02-2016 16:57,04-02-2016 18:09,Business,Daytona Beach,Jacksonville,80.5,Customer Visit,4
4/23/2016 18:49,4/23/2016 19:05,Business,Tanglewood,Whitebridge,26.1,Meal/Entertain,6
03-05-2016 11:44,03-05-2016 11:59,Business,Cary,Morrisville,6.5,Meal/Entertain,6
03-11-2016 09:47,03-11-2016 09:59,Business,The Drag,Congress Ave District,28.6,Meal/Entertain,6
11/14/2016 11:24,11/14/2016 12:13,Business,Berkeley,Mountain View,3.8,Customer Visit,4
2/21/2016 12:13,2/21/2016 12:35,Business,Islamabad,Unknown Location,8.8,Meal/Entertain,6
6/14/2016 17:15,6/14/2016 17:24,Business,Emeryville,Oakland,23.3,Meeting,7
2/26/2016 11:05,2/26/2016 11:11,Personal,Westpark Place,Whitebridge,1.7,,0
01-06-2016 17:30,01-06-2016 17:35,Business,West Palm Beach,Palm Beach,71.8,Meeting,7
11-03-2016 12:43,11-03-2016 12:49,Business,Hazelwood,Whitebridge,12.1,,0
10/28/2016 18:13,10/28/2016 20:07,Business,Winston Salem,Asheville,133.6,Meeting,7
2/18/2016 19:27,2/18/2016 20:08,Business,Islamabad,Unknown Location,10,Meeting,7
08-11-2016 13:32,08-11-2016 13:42,Business,Edgehill Farms,Whitebridge,62.4,,0
06-05-2016 21:53,06-05-2016 22:05,Business,Cary,Durham,9.9,Meeting,7
3/17/2016 17:20,3/17/2016 18:02,Business,Midtown,Alief,35.9,Meal/Entertain,6
06-03-2016 15:31,06-03-2016 15:54,Business,Cary,Morrisville,6,Meal/Entertain,6
9/15/2016 20:33,9/15/2016 20:38,Business,Unknown Location,Unknown Location,0.9,,0
3/20/2016 18:45,3/20/2016 19:06,Business,Briar Meadow,Midtown,42,Customer Visit,4
4/19/2016 17:44,4/19/2016 18:08,Business,Whitebridge,Wayne Ridge,8.2,Meal/Entertain,6
03-07-2016 09:10,03-07-2016 09:20,Business,Whitebridge,Edgehill Farms,2.8,Errand/Supplies,5
12/25/2016 19:15,12/25/2016 19:26,Business,Lahore,Lahore,2.3,Meal/Entertain,6
12/22/2016 18:38,12/22/2016 18:47,Business,Unknown Location,Unknown Location,70.4,Temporary Site,9
4/29/2016 22:44,4/29/2016 23:19,Business,Durham,Cary,11.1,Meeting,7
02-12-2016 11:14,02-12-2016 11:35,Business,Morrisville,Raleigh,26.3,Customer Visit,4
02-07-2016 16:49,02-07-2016 17:01,Business,Cary,Apex,5.6,Errand/Supplies,5
4/24/2016 21:41,4/24/2016 21:50,Business,Morrisville,Cary,4.2,Between Offices,2
8/25/2016 19:25,8/25/2016 19:57,Business,Unknown Location,Lahore,9.2,,0
02-04-2016 18:04,02-04-2016 18:31,Business,Whitebridge,Macgregor Downs,9,Meeting,7
03-05-2016 14:08,03-05-2016 14:18,Personal,Morrisville,Cary,3.5,,0
9/27/2016 8:33,9/27/2016 8:35,Business,Unknown Location,Unknown Location,5.8,,0
12-12-2016 20:48,12-12-2016 20:57,Business,Morrisville,Cary,3,Customer Visit,4
04-07-2016 19:45,04-07-2016 20:00,Business,Morrisville,Cary,6.1,Errand/Supplies,5
11/22/2016 18:18,11/22/2016 18:28,Business,Cary,Morrisville,3,Meal/Entertain,6
12/24/2016 22:04,12/24/2016 22:09,Business,Lahore,Lahore,0.6,Errand/Supplies,5
8/21/2016 18:48,8/21/2016 19:24,Business,Islamabad,Unknown Location,62.7,,0
8/29/2016 18:27,8/29/2016 18:36,Business,Islamabad,Islamabad,2.6,,0
5/17/2016 13:56,5/17/2016 14:08,Business,Preston,Westpark Place,90.8,Errand/Supplies,5
05-11-2016 08:35,05-11-2016 09:12,Business,Newark,San Francisco,25.6,Meeting,7
8/24/2016 13:01,8/24/2016 15:25,Business,Unknown Location,Unknown Location,97.6,,0
7/19/2016 10:56,7/19/2016 11:11,Business,Stonewater,Lexington Park at Amberly,66.4,Meeting,7
10/30/2016 9:07,10/30/2016 10:09,Business,Bryson City,Bryson City,16.3,,0
03-04-2016 11:46,03-04-2016 12:06,Business,Cary,Durham,67.6,Meeting,7
07-02-2016 23:48,07-03-2016 00:12,Business,Durham,Cary,9.9,Meeting,7
2/21/2016 9:07,2/21/2016 9:46,Business,Unknown Location,Islamabad,78.6,,0
07-02-2016 23:48,07-03-2016 00:12,Business,Durham,Cary,9.9,Meeting,7
7/14/2016 15:51,7/14/2016 15:59,Personal,Cary,Morrisville,3.3,,0
12/24/2016 22:04,12/24/2016 22:09,Business,Lahore,Lahore,0.6,Errand/Supplies,5
12/25/2016 0:10,12/25/2016 0:14,Business,Lahore,Lahore,0.6,Errand/Supplies,5
11/13/2016 8:54,11/13/2016 9:02,Business,Central,Central,30.3,,0
6/27/2016 11:06,6/27/2016 11:24,Business,Covington,Mandeville,69.4,,0
6/26/2016 18:45,6/26/2016 19:12,Business,Pontchartrain Shores,Pontchartrain Shores,29.4,,0
6/24/2016 14:01,6/24/2016 14:20,Business,Cary,Morrisville,8.4,Temporary Site,9
11-06-2016 10:50,11-06-2016 11:04,Business,Agnew,Renaissance,83.9,,0
1/21/2016 14:25,1/21/2016 14:29,Business,Cary,Cary,1.6,Errand/Supplies,5
7/15/2016 12:09,7/15/2016 12:19,Personal,Banner Elk,Banner Elk,53.7,,0
11/19/2016 14:30,11/19/2016 14:51,Business,Durham,Cary,85.1,Meeting,7
7/18/2016 20:28,7/18/2016 20:32,Business,Hazelwood,Weston,67.3,Errand/Supplies,5
10/27/2016 19:52,10/27/2016 20:21,Business,Huntington Woods,Huntington Woods,12.1,,0
06-10-2016 21:47,06-10-2016 22:04,Business,Cary,Durham,57.2,Meeting,7
8/23/2016 15:07,8/23/2016 15:12,Business,Unknown Location,Unknown Location,1.9,,0
04-12-2016 10:58,04-12-2016 11:18,Business,Meredith,Cedar Hill,22.9,Customer Visit,4
11-01-2016 11:50,11-01-2016 12:27,Business,Cary,Durham,95,,0
6/25/2016 11:53,6/25/2016 13:21,Business,Metairie,New Orleans,15.5,Meeting,7
8/17/2016 18:38,8/17/2016 18:57,Business,Unknown Location,Unknown Location,7.7,Temporary Site,9
03-08-2016 16:13,03-08-2016 16:25,Personal,Whitebridge,Whitebridge,1.6,,0
4/30/2016 18:42,4/30/2016 18:57,Business,Whitebridge,Waverly Place,7.7,Meal/Entertain,6
4/15/2016 14:31,4/15/2016 15:01,Business,Raleigh,Cary,33,Meeting,7
08-10-2016 17:53,08-10-2016 18:28,Business,Durham,Apex,71.5,,0
07-07-2016 10:27,07-07-2016 10:33,Business,Morrisville,Cary,8.9,,0
3/21/2016 20:18,3/21/2016 20:55,Business,Sharpstown,Midtown,25.6,Meal/Entertain,6
7/16/2016 22:50,7/16/2016 23:03,Business,Banner Elk,Banner Elk,72.7,Errand/Supplies,5
10/26/2016 19:25,10/26/2016 19:31,Business,Whitebridge,Parkway,2.1,Meeting,7
12/27/2016 19:19,12/27/2016 19:50,Business,Karachi,Karachi,5.5,Customer Visit,4
12/31/2016 15:03,12/31/2016 15:38,Business,Unknown Location,Unknown Location,52.6,Meeting,7
8/26/2016 14:10,8/26/2016 14:33,Business,Lahore,Lahore,7.4,,0
12/20/2016 16:14,12/20/2016 16:24,Business,Islamabad,Islamabad,1.8,Errand/Supplies,5
08-08-2016 21:50,08-08-2016 22:15,Business,Cary,Morrisville,4.8,,0
3/18/2016 18:24,3/18/2016 19:08,Business,Midtown,Sharpstown,15.3,Meeting,7
6/15/2016 15:26,6/15/2016 15:34,Business,CBD,Lower Garden District,46.9,Between Offices,2
10-03-2016 22:04,10-03-2016 22:33,Business,Islamabad,Unknown Location,32.3,,0
05-09-2016 06:08,05-09-2016 06:25,Business,Cary,Morrisville,8.4,Customer Visit,4
05-11-2016 08:35,05-11-2016 09:12,Business,Newark,San Francisco,25.6,Meeting,7
12/19/2016 15:09,12/19/2016 15:38,Business,Unknown Location,Rawalpindi,85.9,Customer Visit,4
12/19/2016 9:08,12/19/2016 9:36,Business,Unknown Location,Islamabad,7.7,Errand/Supplies,5
7/23/2016 20:17,7/23/2016 20:33,Business,Cary,Durham,58.8,Meeting,7
03-07-2016 09:23,03-07-2016 09:47,Business,Cary,Raleigh,58.7,Customer Visit,4
12/24/2016 13:08,12/24/2016 13:29,Business,Lahore,Lahore,3.6,Errand/Supplies,5
09-01-2016 11:51,09-01-2016 12:24,Business,Unknown Location,Islamabad,84.8,,0
11/13/2016 14:35,11/13/2016 14:46,Business,Southside,Central,90.7,,0
12-01-2016 18:00,12-01-2016 18:12,Business,Cary,Morrisville,2.9,Meal/Entertain,6
6/13/2016 5:23,6/13/2016 5:42,Business,Cary,Morrisville,8.4,Meal/Entertain,6
08-02-2016 11:51,08-02-2016 12:15,Business,Arlington,Washington,13.2,,0
12/29/2016 20:53,12/29/2016 21:42,Business,Karachi,Unknown Location,6.4,,0
7/23/2016 15:15,7/23/2016 15:27,Business,Cary,Morrisville,3,,0
2/21/2016 11:39,2/21/2016 11:43,Business,Unknown Location,Islamabad,2.4,Errand/Supplies,5
12/29/2016 13:17,12/29/2016 13:24,Business,Karachi,Karachi,1.1,Errand/Supplies,5
6/25/2016 10:50,6/25/2016 11:18,Business,Arabi,Metairie,17,Meal/Entertain,6
11/25/2016 11:47,11/25/2016 12:04,Business,Cary,Durham,29.7,Meeting,7
11/14/2016 20:19,11/14/2016 20:30,Business,Emeryville,Berkeley,36.4,Errand/Supplies,5
8/16/2016 10:31,8/16/2016 10:38,Business,Islamabad,Islamabad,1.2,,0
6/27/2016 10:22,6/27/2016 10:39,Business,Covington,Covington,83,,0
12/24/2016 12:51,12/24/2016 12:53,Business,Lahore,Lahore,1.6,Errand/Supplies,5
8/23/2016 13:19,8/23/2016 13:30,Business,Noorpur Shahan,Islamabad,81.3,,0
6/28/2016 23:34,6/28/2016 23:59,Business,Durham,Cary,9.9,Meeting,7
5/14/2016 18:35,5/14/2016 18:39,Business,Cary,Morrisville,3.1,Meal/Entertain,6
8/19/2016 8:54,8/19/2016 9:07,Business,Noorpur Shahan,Islamabad,67.8,,0
3/19/2016 14:01,3/19/2016 14:57,Business,Sugar Land,Houston,35.1,Customer Visit,4
01-12-2016 15:13,01-12-2016 15:28,Business,Hudson Square,Hell's Kitchen,39.4,Customer Visit,4
5/31/2016 17:50,5/31/2016 17:59,Business,Westpark Place,Whitebridge,1.8,,0
6/14/2016 12:03,6/14/2016 12:21,Business,Emeryville,San Francisco,28.6,,0
6/15/2016 17:29,6/15/2016 17:49,Personal,Lakeview,Storyville,28.6,,0
2/19/2016 20:08,2/19/2016 20:30,Personal,Islamabad,Unknown Location,41.5,,0
4/22/2016 13:02,4/22/2016 13:26,Business,Durham,Cary,10,Meeting,7
6/27/2016 21:09,6/27/2016 21:19,Business,Jamestown Court,Jamestown Court,68.3,,0
12/21/2016 10:14,12/21/2016 10:30,Business,Unknown Location,Islamabad,4.9,Errand/Supplies,5
1/29/2016 10:56,1/29/2016 11:07,Business,Cary,Cary,5.2,Meeting,7
2/26/2016 13:01,2/26/2016 13:24,Business,Durham,Cary,9.9,Meeting,7
06-05-2016 18:05,06-05-2016 18:14,Business,Morrisville,Cary,2.5,Meal/Entertain,6
2/16/2016 10:31,2/16/2016 10:41,Business,Colombo,Colombo,76.3,,0
10/25/2016 15:04,10/25/2016 15:11,Business,Apex,Eagle Rock,2.2,,0
5/14/2016 23:01,5/14/2016 23:05,Business,Morrisville,Cary,3.1,Meal/Entertain,6
11-06-2016 19:04,11-06-2016 19:12,Business,Downtown,West Berkeley,57.9,,0
11/19/2016 16:27,11/19/2016 16:41,Business,Cary,Cary,1.8,,0
07-06-2016 09:06,07-06-2016 09:25,Business,Cary,Durham,9.9,Meeting,7
3/18/2016 21:01,3/18/2016 21:15,Business,Sharpstown,Midtown,41.7,Customer Visit,4
12/23/2016 17:34,12/23/2016 18:27,Business,Unknown Location,Lahore,7.1,Meal/Entertain,6
2/16/2016 17:17,2/16/2016 17:26,Business,Colombo,Nugegoda,1.9,Meal/Entertain,6
12-11-2016 16:06,12-11-2016 16:16,Business,Cary,Morrisville,3,Meal/Entertain,6
2/21/2016 11:47,2/21/2016 12:01,Business,Islamabad,Islamabad,4.6,Errand/Supplies,5
10-08-2016 18:15,10-08-2016 18:18,Business,Karachi,Unknown Location,8,,0
8/16/2016 10:31,8/16/2016 10:38,Business,Islamabad,Islamabad,1.2,,0
04-12-2016 13:42,04-12-2016 14:01,Business,Morrisville,Cary,6.5,Meal/Entertain,6
12/30/2016 23:06,12/30/2016 23:10,Business,Karachi,Karachi,0.8,Customer Visit,4
10/31/2016 21:45,10/31/2016 22:10,Business,Savon Height,Whitebridge,51.1,Errand/Supplies,5
10/30/2016 10:11,10/30/2016 10:38,Business,Bryson City,Bryson City,73.6,,0
12/21/2016 20:56,12/21/2016 23:42,Business,Rawalpindi,Unknown Location,98.9,Meeting,7
11/21/2016 17:50,11/21/2016 18:04,Business,Cary,Unknown Location,6.7,Errand/Supplies,5
10/27/2016 20:47,10/27/2016 20:54,Business,Huntington Woods,Weston,87.8,,0
12/14/2016 16:52,12/14/2016 17:10,Business,Cary,Cary,3.4,,0
11/16/2016 22:52,11/16/2016 23:02,Business,El Cerrito,Berkeley,52,Meal/Entertain,6
10/28/2016 13:06,10/28/2016 13:36,Business,Durham,Cary,9.9,Meeting,7
06-11-2016 21:45,06-11-2016 22:04,Business,Cary,Durham,23.2,Meeting,7
12/23/2016 14:15,12/23/2016 15:25,Business,Unknown Location,Unknown Location,9.6,Meeting,7
12-08-2016 21:26,12-08-2016 21:31,Business,Cary,Cary,2,Errand/Supplies,5
8/22/2016 15:59,8/22/2016 17:16,Business,Unknown Location,Unknown Location,72.2,,0
09-10-2016 10:28,09-10-2016 10:45,Business,Unknown Location,Unknown Location,2.8,,0
8/29/2016 15:49,8/29/2016 15:59,Business,Unknown Location,Islamabad,2.8,,0
2/19/2016 9:02,2/19/2016 9:14,Business,Unknown Location,Unknown Location,50.3,Meeting,7
8/16/2016 11:47,8/16/2016 12:03,Business,Islamabad,Unknown Location,5.7,Temporary Site,9
4/28/2016 12:09,4/28/2016 12:34,Business,Cary,Raleigh,73.7,Customer Visit,4
8/21/2016 10:00,8/21/2016 10:29,Business,Unknown Location,Unknown Location,7.6,Airport/Travel,1
3/20/2016 11:42,3/20/2016 11:56,Business,Washington Avenue,Midtown,8.7,Meeting,7
03-08-2016 16:13,03-08-2016 16:25,Personal,Whitebridge,Whitebridge,1.6,,0
07-06-2016 00:33,07-06-2016 00:53,Business,Morrisville,Cary,6.3,Meal/Entertain,6
3/20/2016 18:34,3/20/2016 18:40,Personal,Sharpstown,Briar Meadow,51.9,,0
10/13/2016 16:08,10/13/2016 16:53,Business,Islamabad,Unknown Location,64.2,,0
2/21/2016 15:14,2/21/2016 15:31,Business,Islamabad,Noorpur Shahan,8.1,Temporary Site,9
9/27/2016 13:21,9/27/2016 14:43,Business,Lahore,Lahore,9.8,,0
01-05-2016 17:31,01-05-2016 17:45,Business,Fort Pierce,Fort Pierce,19.9,Meeting,7
2/21/2016 12:51,2/21/2016 13:12,Business,Unknown Location,Unknown Location,8.3,Temporary Site,9
6/14/2016 12:03,6/14/2016 12:21,Business,Emeryville,San Francisco,68.7,,0
8/29/2016 12:02,8/29/2016 12:31,Business,Unknown Location,Islamabad,48.9,,0
9/30/2016 20:59,9/30/2016 22:34,Business,Islamabad,Unknown Location,90.4,,0
1/21/2016 16:01,1/21/2016 16:06,Business,Cary,Cary,1,Meal/Entertain,6
03-03-2016 09:45,03-03-2016 09:52,Personal,Whitebridge,Westpark Place,2.2,,0
4/14/2016 7:29,4/14/2016 8:09,Business,Cary,Holly Springs,82.3,Temporary Site,9
10-03-2016 18:17,10-03-2016 18:34,Business,Islamabad,Islamabad,2.8,,0
10/14/2016 8:50,10/14/2016 9:44,Business,Unknown Location,Rawalpindi,71.6,,0
8/26/2016 19:31,8/26/2016 19:54,Business,Lahore,Lahore,3.8,,0
8/19/2016 9:27,8/19/2016 9:47,Business,Islamabad,Rawalpindi,6.5,,0
12/25/2016 19:15,12/25/2016 19:26,Business,Lahore,Lahore,2.3,Meal/Entertain,6
01-05-2016 17:31,01-05-2016 17:45,Business,Fort Pierce,Fort Pierce,46.9,Meeting,7
11-01-2016 11:50,11-01-2016 12:27,Business,Cary,Durham,79.2,,0
1/30/2016 18:09,1/30/2016 18:24,Business,Apex,Cary,5.7,Customer Visit,4
10/29/2016 17:13,10/29/2016 19:19,Business,Hayesville,Topton,75.7,,0
8/25/2016 16:36,8/25/2016 16:56,Business,Unknown Location,Unknown Location,5.5,,0
7/25/2016 11:37,7/25/2016 11:44,Business,Parkway,Whitebridge,32.6,,0
7/25/2016 10:35,7/25/2016 10:41,Business,Whitebridge,Parkway,1.5,,0
2/25/2016 18:22,2/25/2016 18:39,Business,Tanglewood,Whitebridge,41.6,Meal/Entertain,6
4/30/2016 18:42,4/30/2016 18:57,Business,Whitebridge,Waverly Place,7.7,Meal/Entertain,6
07-05-2016 00:08,07-05-2016 00:28,Business,Durham,Cary,9.9,Meeting,7
1/26/2016 17:17,1/26/2016 17:22,Business,Cary,Cary,1.4,Errand/Supplies,5
7/14/2016 16:03,7/14/2016 16:34,Business,Morrisville,Morrisville,32.7,Errand/Supplies,5
7/18/2016 11:25,7/18/2016 11:36,Personal,Northwoods,Preston,94.4,Moving,8
12/20/2016 18:47,12/20/2016 19:21,Business,Islamabad,Unknown Location,13.1,Customer Visit,4
12/26/2016 10:15,12/26/2016 10:36,Business,Lahore,Lahore,7.7,Customer Visit,4
12-12-2016 13:22,12-12-2016 13:32,Business,Cary,Cary,3.1,Errand/Supplies,5
7/15/2016 15:40,7/15/2016 15:52,Personal,Banner Elk,Banner Elk,27.1,,0
12/15/2016 14:20,12/15/2016 14:54,Business,Cary,Morrisville,80.7,Meeting,7
03-08-2016 16:13,03-08-2016 16:25,Personal,Whitebridge,Whitebridge,1.6,,0
08-02-2016 19:15,08-02-2016 19:23,Business,Kalorama Triangle,K Street,95.5,,0
11/14/2016 15:27,11/14/2016 15:36,Business,Berkeley,Emeryville,2.5,,0
1/28/2016 15:11,1/28/2016 15:31,Business,Meredith Townes,Leesville Hollow,14.7,Meeting,7
09-05-2016 10:25,09-05-2016 10:44,Business,Unknown Location,Rawalpindi,2,,0
12/26/2016 13:09,12/26/2016 13:43,Business,Lahore,Unknown Location,7.9,Meeting,7
10/22/2016 17:08,10/22/2016 17:55,Business,Raleigh,Cary,91.7,,0
07-01-2016 00:00,07-01-2016 00:25,Business,Durham,Cary,9.9,Meeting,7
1/29/2016 21:21,1/29/2016 21:40,Business,Apex,Cary,5.5,Meal/Entertain,6
1/26/2016 17:17,1/26/2016 17:22,Business,Cary,Cary,1.4,Errand/Supplies,5
8/19/2016 17:12,8/19/2016 17:52,Business,Islamabad,Unknown Location,98.8,,0
12/24/2016 17:12,12/24/2016 17:27,Business,Lahore,Lahore,1.7,Errand/Supplies,5
9/19/2016 14:40,9/19/2016 14:56,Business,Unknown Location,Islamabad,99.9,,0
07-06-2016 09:06,07-06-2016 09:25,Business,Cary,Durham,9.9,Meeting,7
10-06-2016 17:23,10-06-2016 17:40,Business,Rawalpindi,Unknown Location,89.7,,0
3/26/2016 16:26,3/26/2016 16:30,Personal,Lake Reams,Lake Reams,34.3,,0
06-10-2016 21:47,06-10-2016 22:04,Business,Cary,Durham,82.6,Meeting,7
6/17/2016 16:11,6/17/2016 16:44,Business,New Orleans,Kenner,12.2,,0
11/21/2016 18:43,11/21/2016 18:51,Business,Morrisville,Cary,3.4,Errand/Supplies,5
4/27/2016 14:13,4/27/2016 14:25,Business,Burtrose,Whitebridge,19.4,Between Offices,2
05-06-2016 16:45,05-06-2016 16:59,Business,Chapel Hill,Morrisville,17,Meeting,7
10-03-2016 22:04,10-03-2016 22:33,Business,Islamabad,Unknown Location,42.8,,0
03-03-2016 09:45,03-03-2016 09:52,Personal,Whitebridge,Westpark Place,2.2,,0
5/27/2016 22:11,5/27/2016 22:14,Business,Kilarney Woods,Kildaire Farms,43.5,Errand/Supplies,5
02-04-2016 18:04,02-04-2016 18:31,Business,Whitebridge,Macgregor Downs,9,Meeting,7
06-08-2016 16:55,06-08-2016 17:11,Business,Rose Hill,Soho,93,Meal/Entertain,6
01-12-2016 16:02,01-12-2016 17:00,Business,New York,Queens County,15.1,Meeting,7
9/14/2016 11:55,9/14/2016 11:59,Business,Unknown Location,Unknown Location,0.7,,0
07-03-2016 03:02,07-03-2016 03:08,Business,Morrisville,Cary,3.1,Errand/Supplies,5
6/18/2016 0:29,6/18/2016 0:51,Business,Morrisville,Cary,8.7,,0
07-01-2016 12:36,07-01-2016 13:00,Business,Raleigh,Cary,25.8,Meeting,7
12/22/2016 18:31,12/22/2016 18:37,Business,Unknown Location,Unknown Location,3.2,Errand/Supplies,5
12/30/2016 23:06,12/30/2016 23:10,Business,Karachi,Karachi,0.8,Customer Visit,4
05-01-2016 14:26,05-01-2016 14:31,Business,Westpark Place,Whitebridge,2.3,,0
04-07-2016 19:45,04-07-2016 20:00,Business,Morrisville,Cary,6.1,Errand/Supplies,5
01-10-2016 18:18,01-10-2016 18:53,Business,Elmhurst,New York,80.8,Meeting,7
4/23/2016 18:49,4/23/2016 19:05,Business,Tanglewood,Whitebridge,70.8,Meal/Entertain,6
1/29/2016 10:56,1/29/2016 11:07,Business,Cary,Cary,5.2,Meeting,7
6/28/2016 0:48,6/28/2016 1:05,Business,Morrisville,Cary,8.2,Customer Visit,4
1/20/2016 10:36,1/20/2016 11:11,Business,Cary,Raleigh,7.8,Meeting,7
1/14/2016 16:29,1/14/2016 17:05,Business,Houston,Houston,21.9,Customer Visit,4
3/17/2016 20:57,3/17/2016 21:28,Personal,Houston,Houston,12.6,,0
03-12-2016 09:13,03-12-2016 09:22,Business,The Drag,South Congress,38.9,,0
02-12-2016 11:14,02-12-2016 11:35,Business,Morrisville,Raleigh,22.4,Customer Visit,4
12/19/2016 19:55,12/19/2016 20:30,Business,Unknown Location,Unknown Location,11.3,Meeting,7
7/18/2016 17:12,7/18/2016 17:33,Business,Cary,Apex,7.2,Meeting,7
2/26/2016 14:38,2/26/2016 14:46,Personal,Whitebridge,Westpark Place,1.9,,0
12/24/2016 13:08,12/24/2016 13:29,Business,Lahore,Lahore,3.6,Errand/Supplies,5
6/19/2016 2:39,6/19/2016 2:50,Business,Cary,Raleigh,6,,0
05-04-2016 21:30,05-04-2016 21:36,Business,Capitol One,University District,99.4,Meal/Entertain,6
11-04-2016 21:04,11-04-2016 21:20,Business,Agnew,Cory,96.3,,0
08-07-2016 18:17,08-07-2016 18:23,Business,Cary,Morrisville,2.5,,0
07-06-2016 12:48,07-06-2016 13:08,Business,Durham,Cary,9.9,,0
12-09-2016 20:11,12-09-2016 20:34,Business,Cary,Cary,5.6,Meeting,7
06-05-2016 23:52,06-06-2016 00:08,Business,Durham,Cary,9.9,Meeting,7
7/19/2016 17:50,7/19/2016 18:08,Personal,Chessington,Whitebridge,31.6,,0
02-04-2016 20:36,02-04-2016 20:55,Business,Cary,Cary,7.7,Meeting,7
01-05-2016 17:31,01-05-2016 17:45,Business,Fort Pierce,Fort Pierce,18.2,Meeting,7
3/17/2016 0:33,3/17/2016 0:44,Personal,Downtown,The Drag,32.5,,0
5/18/2016 13:00,5/18/2016 13:02,Business,Morrisville,Raleigh,7.6,Customer Visit,4
10/13/2016 11:20,10/13/2016 11:58,Business,Unknown Location,Islamabad,9.8,,0
11-10-2016 15:17,11-10-2016 15:22,Business,San Francisco,Oakland,48.4,Temporary Site,9
1/29/2016 13:24,1/29/2016 13:47,Business,Durham,Cary,68.1,Meeting,7
8/29/2016 16:06,8/29/2016 16:21,Business,Islamabad,Unknown Location,4,,0
8/22/2016 13:02,8/22/2016 13:11,Business,Islamabad,Islamabad,1.5,,0
06-12-2016 19:53,06-12-2016 19:56,Business,Cary,Morrisville,2.5,Meal/Entertain,6
1/15/2016 11:43,1/15/2016 12:03,Business,Cary,Durham,60.3,Meal/Entertain,6
3/29/2016 20:29,3/29/2016 20:44,Personal,Sky Lake,Sand Lake Commons,18.9,,0
8/25/2016 22:58,8/25/2016 23:16,Business,Lahore,Unknown Location,7.3,,0
1/28/2016 15:11,1/28/2016 15:31,Business,Meredith Townes,Leesville Hollow,14.7,Meeting,7
09-01-2016 17:21,09-01-2016 17:36,Business,Islamabad,Unknown Location,94.3,,0
9/16/2016 7:08,9/16/2016 7:08,Business,Unknown Location,Unknown Location,1.6,,0
11-06-2016 20:06,11-06-2016 20:21,Business,West Berkeley,Central,62.6,,0
6/14/2016 17:15,6/14/2016 17:24,Business,Emeryville,Oakland,29,Meeting,7
2/19/2016 11:45,2/19/2016 11:50,Personal,Islamabad,Islamabad,1,,0
11/19/2016 16:01,11/19/2016 16:06,Business,Cary,Cary,1.5,,0
7/22/2016 15:49,7/22/2016 16:22,Business,Morrisville,Cary,25,,0
02-06-2016 19:28,02-06-2016 19:37,Business,Edgehill Farms,Whitebridge,25.6,Meal/Entertain,6
06-11-2016 17:08,06-11-2016 17:16,Business,Cary,Morrisville,3.7,Errand/Supplies,5
10/28/2016 15:53,10/28/2016 17:59,Business,Cary,Winston Salem,42.4,Meeting,7
12/23/2016 11:33,12/23/2016 11:58,Business,Lahore,Unknown Location,6.2,Meeting,7
11/23/2016 16:49,11/23/2016 17:00,Business,Cary,Cary,3.3,,0
1/29/2016 11:43,1/29/2016 12:03,Business,Cary,Durham,75.7,Meeting,7
03-10-2016 14:39,03-10-2016 14:55,Business,West University,South Congress,66.3,,0
6/25/2016 11:53,6/25/2016 13:21,Business,Metairie,New Orleans,15.5,Meeting,7
12/29/2016 12:25,12/29/2016 12:33,Business,Karachi,Karachi,1.4,Errand/Supplies,5
2/19/2016 12:09,2/19/2016 12:27,Business,Islamabad,Unknown Location,7.3,Temporary Site,9
6/26/2016 19:41,6/26/2016 19:50,Business,Kenner,Kenner,2.2,,0
03-08-2016 15:35,03-08-2016 16:00,Business,Waverly Place,Whitebridge,59.8,Meal/Entertain,6
02-12-2016 08:21,02-12-2016 08:42,Business,Cary,Durham,8.5,Temporary Site,9
4/29/2016 22:44,4/29/2016 23:19,Business,Durham,Cary,66,Meeting,7
1/21/2016 14:25,1/21/2016 14:29,Business,Cary,Cary,1.6,Errand/Supplies,5
3/31/2016 14:37,3/31/2016 15:09,Business,Orlando,Kissimmee,16.4,Meal/Entertain,6
02-05-2016 13:22,02-05-2016 13:41,Business,Durham,Cary,41.5,Meeting,7
11/22/2016 18:18,11/22/2016 18:28,Business,Cary,Morrisville,3,Meal/Entertain,6
8/26/2016 20:06,8/26/2016 20:16,Business,Lahore,Unknown Location,5.9,,0
9/30/2016 17:39,9/30/2016 20:20,Business,Islamabad,Islamabad,2.7,,0
02-12-2016 08:21,02-12-2016 08:42,Business,Cary,Durham,8.5,Temporary Site,9
11/21/2016 14:34,11/21/2016 14:44,Business,Cary,Cary,2.1,Meal/Entertain,6
6/25/2016 10:18,6/25/2016 10:25,Business,Chalmette,Arabi,47.6,Errand/Supplies,5
08-02-2016 11:51,08-02-2016 12:15,Business,Arlington,Washington,14.9,,0
11/18/2016 21:56,11/18/2016 22:21,Business,Krendle Woods,Whitebridge,74.3,Meeting,7
8/19/2016 15:51,8/19/2016 16:06,Business,Islamabad,Islamabad,3.2,,0
10/30/2016 7:49,10/30/2016 8:30,Business,Topton,Bryson City,29.8,,0
06-03-2016 15:31,06-03-2016 15:54,Business,Cary,Morrisville,6,Meal/Entertain,6
12-10-2016 18:17,12-10-2016 18:27,Business,Cary,Morrisville,3,Meal/Entertain,6
2/16/2016 13:43,2/16/2016 13:55,Business,Colombo,Colombo,28.6,Temporary Site,9
11-09-2016 17:31,11-09-2016 18:03,Business,Downtown,Sunnyside,68.7,,0
06-06-2016 15:36,06-06-2016 15:45,Business,Whitebridge,Hazelwood,3,Errand/Supplies,5
7/21/2016 19:30,7/21/2016 19:39,Business,Morrisville,Cary,2.9,,0
7/15/2016 15:40,7/15/2016 15:52,Personal,Banner Elk,Banner Elk,69.5,,0
1/21/2016 16:01,1/21/2016 16:06,Business,Cary,Cary,1,Meal/Entertain,6
11/13/2016 8:54,11/13/2016 9:02,Business,Central,Central,68.2,,0
12/28/2016 17:02,12/28/2016 17:16,Business,Unknown Location,Karachi,4.4,Errand/Supplies,5
08-03-2016 14:59,08-03-2016 15:03,Business,K Street,Kalorama Triangle,85.7,,0
1/14/2016 21:39,1/14/2016 21:45,Business,Eagan Park,Jamestown Court,80,Errand/Supplies,5
5/27/2016 20:47,5/27/2016 20:53,Business,Savon Height,Kilarney Woods,68.1,,0
7/15/2016 12:09,7/15/2016 12:19,Personal,Banner Elk,Banner Elk,70.8,,0
8/22/2016 19:58,8/22/2016 20:50,Business,Unknown Location,Rawalpindi,7.9,,0
10/13/2016 16:08,10/13/2016 16:53,Business,Islamabad,Unknown Location,85.2,,0
1/13/2016 13:54,1/13/2016 14:07,Business,Downtown,Gulfton,11.2,Meeting,7
12-02-2016 13:07,12-02-2016 13:22,Business,Apex,Cary,5.3,Customer Visit,4
12/17/2016 15:38,12/17/2016 16:12,Business,Unknown Location,Unknown Location,4.8,Airport/Travel,1
2/28/2016 5:22,2/28/2016 5:38,Business,Whitebridge,Waverly Place,7.7,Meeting,7
02-04-2016 20:36,02-04-2016 20:55,Business,Cary,Cary,7.7,Meeting,7
12-09-2016 20:11,12-09-2016 20:34,Business,Cary,Cary,5.6,Meeting,7
04-12-2016 13:42,04-12-2016 14:01,Business,Morrisville,Cary,6.5,Meal/Entertain,6
8/28/2016 21:15,8/28/2016 21:59,Business,Islamabad,Unknown Location,23.2,,0
02-12-2016 14:49,02-12-2016 15:06,Business,Cary,Morrisville,8.4,Meeting,7
9/29/2016 16:13,9/29/2016 18:47,Business,Unknown Location,Islamabad,44.4,,0
04-07-2016 19:45,04-07-2016 20:00,Business,Morrisville,Cary,6.1,Errand/Supplies,5
10/23/2016 19:04,10/23/2016 19:14,Business,Cary,Morrisville,3.1,Meal/Entertain,6
09-01-2016 18:49,09-01-2016 19:08,Business,Unknown Location,Unknown Location,2.2,,0
03-12-2016 09:13,03-12-2016 09:22,Business,The Drag,South Congress,5.4,,0
08-06-2016 09:31,08-06-2016 09:53,Business,Morrisville,Cary,8,,0
02-11-2016 20:36,02-11-2016 20:51,Business,Morrisville,Cary,6.1,Temporary Site,9
04-07-2016 19:45,04-07-2016 20:00,Business,Morrisville,Cary,6.1,Errand/Supplies,5
7/20/2016 17:50,7/20/2016 17:57,Personal,Edgehill Farms,Preston,27.5,,0
8/29/2016 12:02,8/29/2016 12:31,Business,Unknown Location,Islamabad,68,,0
08-07-2016 17:14,08-07-2016 17:23,Business,Whitebridge,Edgehill Farms,2.7,,0
10/25/2016 15:04,10/25/2016 15:11,Business,Apex,Eagle Rock,2.2,,0
10/15/2016 22:28,10/15/2016 22:48,Business,Morrisville,Morrisville,6.2,,0
12/29/2016 19:50,12/29/2016 20:10,Business,Unknown Location,Karachi,4.1,Customer Visit,4
3/16/2016 14:44,3/16/2016 14:55,Business,Convention Center District,West University,10.6,,0
10-04-2016 09:50,10-04-2016 10:52,Business,Unknown Location,Unknown Location,92.3,,0
9/30/2016 17:39,9/30/2016 20:20,Business,Islamabad,Islamabad,66.1,,0
5/18/2016 9:11,5/18/2016 9:41,Business,Cary,Morrisville,8.4,Customer Visit,4
7/22/2016 10:42,7/22/2016 10:53,Business,Cary,Morrisville,3.8,,0
2/18/2016 19:27,2/18/2016 20:08,Business,Islamabad,Unknown Location,10,Meeting,7
12/22/2016 18:38,12/22/2016 18:47,Business,Unknown Location,Unknown Location,36.3,Temporary Site,9
7/18/2016 20:28,7/18/2016 20:32,Business,Hazelwood,Weston,87.1,Errand/Supplies,5
8/26/2016 18:42,8/26/2016 18:56,Business,Lahore,Lahore,3.4,,0
12/29/2016 11:28,12/29/2016 12:00,Business,Unknown Location,Karachi,82.4,Meal/Entertain,6
7/29/2016 17:27,7/29/2016 17:45,Business,Westpark Place,Whitebridge,2.2,Meal/Entertain,6
2/20/2016 16:59,2/20/2016 17:54,Personal,Rawalpindi,Unknown Location,9.7,,0
3/19/2016 17:52,3/19/2016 18:00,Business,Port Bolivar,Port Bolivar,55.6,,0
8/29/2016 15:49,8/29/2016 15:59,Business,Unknown Location,Islamabad,2.8,,0
1/18/2016 16:13,1/18/2016 16:24,Business,Farmington Woods,Whitebridge,27.4,Meal/Entertain,6
1/19/2016 10:55,1/19/2016 11:09,Business,Lake Wellingborough,Whitebridge,92.4,Temporary Site,9
10-07-2016 13:52,10-07-2016 14:08,Business,Lahore,Unknown Location,5.8,,0
06-06-2016 23:34,06-06-2016 23:48,Business,Durham,Cary,9.9,Meeting,7
8/22/2016 14:07,8/22/2016 14:31,Business,Islamabad,Unknown Location,8.5,,0
10/24/2016 16:34,10/24/2016 16:41,Business,Morrisville,Cary,2.2,,0
7/25/2016 11:04,7/25/2016 11:33,Business,Morrisville,Cary,7.9,,0
08-05-2016 18:17,08-05-2016 18:21,Business,Kalorama Triangle,Columbia Heights,64.7,,0
11/25/2016 13:13,11/25/2016 13:31,Business,Durham,Cary,55.4,Meeting,7
8/27/2016 12:12,8/27/2016 12:17,Business,Lahore,Lahore,0.9,,0
7/22/2016 11:37,7/22/2016 12:00,Business,Hazelwood,Lexington Park at Amberly,46.2,,0
10/20/2016 20:44,10/20/2016 21:37,Business,San Jose,Emeryville,44.6,,0
7/16/2016 14:14,7/16/2016 14:30,Personal,Newland,Newland,21.1,,0
03-04-2016 13:40,03-04-2016 14:09,Business,Cary,Raleigh,66.7,Customer Visit,4
10/27/2016 19:20,10/27/2016 19:35,Business,Morrisville,Morrisville,5.9,,0
6/21/2016 17:11,6/21/2016 18:02,Business,Raleigh,Cary,93,Meal/Entertain,6
12/30/2016 23:06,12/30/2016 23:10,Business,Karachi,Karachi,0.8,Customer Visit,4
6/27/2016 8:51,6/27/2016 9:00,Business,Covington,Covington,25.4,,0
2/17/2016 16:38,2/17/2016 16:43,Business,Katunayaka,Katunayaka,47.5,Errand/Supplies,5
03-04-2016 19:16,03-04-2016 19:25,Business,Morrisville,Cary,2,Meal/Entertain,6
8/23/2016 17:42,8/23/2016 18:31,Business,Unknown Location,Unknown Location,13.9,,0
12-02-2016 13:07,12-02-2016 13:22,Business,Apex,Cary,5.3,Customer Visit,4
12/19/2016 19:55,12/19/2016 20:30,Business,Unknown Location,Unknown Location,25,Meeting,7
08-03-2016 14:59,08-03-2016 15:03,Business,K Street,Kalorama Triangle,53.1,,0
02-02-2016 13:04,02-02-2016 13:23,Business,Whitebridge,Williamsburg Manor,8.3,Meeting,7
7/20/2016 18:16,7/20/2016 18:20,Personal,Preston,Whitebridge,38.9,,0
7/20/2016 17:12,7/20/2016 17:24,Personal,Whitebridge,Edgehill Farms,2.8,,0
5/27/2016 22:11,5/27/2016 22:14,Business,Kilarney Woods,Kildaire Farms,27.2,Errand/Supplies,5
11/14/2016 11:24,11/14/2016 12:13,Business,Berkeley,Mountain View,81.9,Customer Visit,4
10/31/2016 18:47,10/31/2016 19:16,Business,Morrisville,Raleigh,21.8,,0
6/24/2016 11:54,6/24/2016 12:01,Business,Waverly Place,Macgregor Downs,15,Meal/Entertain,6
8/21/2016 18:10,8/21/2016 18:17,Business,Islamabad,Islamabad,1.4,,0
10/14/2016 15:56,10/14/2016 16:20,Business,Unknown Location,Unknown Location,3.8,,0
02-07-2016 16:49,02-07-2016 17:01,Business,Cary,Apex,5.6,Errand/Supplies,5
6/27/2016 12:22,6/27/2016 13:02,Business,Mandeville,Metairie,30,,0
12/15/2016 14:20,12/15/2016 14:54,Business,Cary,Morrisville,61.7,Meeting,7
09-01-2016 11:51,09-01-2016 12:24,Business,Unknown Location,Islamabad,68.7,,0
12/15/2016 14:20,12/15/2016 14:54,Business,Cary,Morrisville,23.6,Meeting,7
11-06-2016 19:04,11-06-2016 19:12,Business,Downtown,West Berkeley,91.5,,0
11-11-2016 09:35,11-11-2016 10:23,Business,Berkeley,Menlo Park,24.1,Customer Visit,4
12/29/2016 9:44,12/29/2016 10:07,Business,Karachi,Unknown Location,16.3,Meal/Entertain,6
12-07-2016 21:13,12-07-2016 21:50,Business,Cary,Cary,6.9,Meal/Entertain,6
08-01-2016 13:08,08-01-2016 13:19,Business,Arlington Park at Amberly,Lexington Park at Amberly,46.6,,0
8/22/2016 22:31,8/22/2016 23:00,Business,Rawalpindi,Unknown Location,6.7,,0
11/15/2016 14:09,11/15/2016 14:26,Business,Oakland,San Francisco,12.1,Temporary Site,9
8/17/2016 17:05,8/17/2016 17:34,Business,Unknown Location,Unknown Location,5.5,,0
9/19/2016 14:40,9/19/2016 14:56,Business,Unknown Location,Islamabad,6.1,,0
2/14/2016 14:46,2/14/2016 15:03,Business,Midtown,Midtown West,2,Meeting,7
2/17/2016 16:38,2/17/2016 16:43,Business,Katunayaka,Katunayaka,57.6,Errand/Supplies,5
05-04-2016 15:16,05-04-2016 15:37,Business,Cary,Morrisville,8.7,Meal/Entertain,6
05-11-2016 08:35,05-11-2016 09:12,Business,Newark,San Francisco,25.6,Meeting,7
08-01-2016 17:23,08-01-2016 17:55,Business,Morrisville,Cary,8.1,,0
02-08-2016 12:57,02-08-2016 13:08,Business,Whitebridge,Edgehill Farms,4.3,Meal/Entertain,6
12/28/2016 8:34,12/28/2016 9:06,Business,Karachi,Unknown Location,64.9,Meal/Entertain,6
08-01-2016 17:23,08-01-2016 17:55,Business,Morrisville,Cary,8.1,,0
7/18/2016 21:11,7/18/2016 21:19,Business,Morrisville,Cary,3.8,Meal/Entertain,6
3/28/2016 12:29,3/28/2016 12:42,Personal,Kissimmee,Orlando,3.6,,0
12/25/2016 19:15,12/25/2016 19:26,Business,Lahore,Lahore,2.3,Meal/Entertain,6
10/17/2016 18:31,10/17/2016 18:45,Business,Apex,Apex,3.3,,0
12/21/2016 11:35,12/21/2016 11:49,Business,Islamabad,Unknown Location,3.5,Meal/Entertain,6
08-03-2016 16:00,08-03-2016 16:04,Business,Kalorama Triangle,Downtown,9.3,,0
12-03-2016 18:35,12-03-2016 18:56,Business,Cary,Wake Co.,6.6,Errand/Supplies,5
7/16/2016 19:42,7/16/2016 20:35,Personal,Boone,Banner Elk,23.8,,0
12/20/2016 10:30,12/20/2016 10:48,Business,Rawalpindi,Rawalpindi,3.3,Errand/Supplies,5
1/20/2016 11:48,1/20/2016 12:19,Business,Fayetteville Street,Umstead,15.1,Meeting,7
11-11-2016 14:20,11-11-2016 14:32,Business,Palo Alto,Menlo Park,61.2,,0
12/24/2016 17:12,12/24/2016 17:27,Business,Lahore,Lahore,1.7,Errand/Supplies,5
2/20/2016 7:59,2/20/2016 8:32,Personal,Unknown Location,Islamabad,63.7,,0
7/20/2016 17:50,7/20/2016 17:57,Personal,Edgehill Farms,Preston,41,,0
07-07-2016 10:27,07-07-2016 10:33,Business,Morrisville,Cary,8.9,,0
2/26/2016 9:06,2/26/2016 9:29,Business,Whitebridge,Westpark Place,6.3,,0
5/22/2016 18:46,5/22/2016 18:53,Business,Morrisville,Cary,2.5,Meal/Entertain,6
2/21/2016 15:14,2/21/2016 15:31,Business,Islamabad,Noorpur Shahan,8.1,Temporary Site,9
8/26/2016 19:31,8/26/2016 19:54,Business,Lahore,Lahore,3.8,,0
3/20/2016 11:42,3/20/2016 11:56,Business,Washington Avenue,Midtown,16.9,Meeting,7
12-10-2016 14:42,12-10-2016 15:18,Business,Fuquay-Varina,Cary,15.6,Errand/Supplies,5
2/28/2016 9:26,2/28/2016 9:42,Business,Waverly Place,Whitebridge,78.7,Meeting,7
10/30/2016 12:58,10/30/2016 13:18,Business,Almond,Bryson City,15.2,,0
2/14/2016 14:46,2/14/2016 15:03,Business,Midtown,Midtown West,2,Meeting,7
9/19/2016 16:23,9/19/2016 16:31,Business,Islamabad,Unknown Location,5.7,,0
4/29/2016 22:44,4/29/2016 23:19,Business,Durham,Cary,31.4,Meeting,7
2/26/2016 9:06,2/26/2016 9:29,Business,Whitebridge,Westpark Place,6.3,,0
06-08-2016 16:55,06-08-2016 17:11,Business,Rose Hill,Soho,83.3,Meal/Entertain,6
02-11-2016 18:24,02-11-2016 18:46,Business,Raleigh,Morrisville,7,Temporary Site,9
3/14/2016 8:34,3/14/2016 8:49,Business,The Drag,South Congress,21.9,Errand/Supplies,5
7/23/2016 20:17,7/23/2016 20:33,Business,Cary,Durham,45.6,Meeting,7
8/22/2016 12:36,8/22/2016 12:49,Business,Unknown Location,Islamabad,4.9,,0
04-02-2016 11:01,04-02-2016 11:16,Personal,Kissimmee,Kissimmee,5.1,,0
03-08-2016 14:38,03-08-2016 14:55,Business,Whitebridge,Waverly Place,7.2,Between Offices,2
08-01-2016 13:28,08-01-2016 13:46,Business,Lexington Park at Amberly,Westpark Place,75.3,,0
8/19/2016 15:51,8/19/2016 16:06,Business,Islamabad,Islamabad,3.2,,0
11/22/2016 15:12,11/22/2016 15:27,Business,Cary,Cary,5.5,Meeting,7
05-04-2016 22:19,05-04-2016 22:27,Business,University District,Capitol One,27.8,Meal/Entertain,6
11-09-2016 20:52,11-09-2016 21:02,Business,Oakland,Berkeley,38.6,,0
6/26/2016 21:14,6/26/2016 21:42,Business,Kenner,New Orleans,42,,0
4/24/2016 19:46,4/24/2016 19:52,Business,Chessington,Chessington,70.3,Errand/Supplies,5
05-09-2016 17:58,05-09-2016 18:26,Business,Palo Alto,Sunnyvale,11.8,Customer Visit,4
10/23/2016 12:17,10/23/2016 12:59,Business,Raleigh,Cary,97.2,,0
11/30/2016 11:03,11/30/2016 11:34,Business,Cary,Raleigh,8.5,Customer Visit,4
12/29/2016 20:53,12/29/2016 21:42,Business,Karachi,Unknown Location,6.4,,0
3/30/2016 22:05,3/30/2016 22:55,Business,Orlando,Kissimmee,28.8,Meal/Entertain,6
9/15/2016 20:33,9/15/2016 20:38,Business,Unknown Location,Unknown Location,0.9,,0
11/20/2016 10:27,11/20/2016 11:32,Business,Cary,Cary,23.9,Between Offices,2
8/16/2016 10:06,8/16/2016 10:27,Business,Unknown Location,Islamabad,5.7,,0
8/26/2016 15:23,8/26/2016 15:35,Business,Lahore,Lahore,1.5,,0
03-12-2016 09:13,03-12-2016 09:22,Business,The Drag,South Congress,59.4,,0
04-01-2016 16:52,04-01-2016 16:57,Personal,Kissimmee,Kissimmee,0.7,,0
8/29/2016 14:31,8/29/2016 14:41,Business,Islamabad,Islamabad,2.5,,0
5/31/2016 17:50,5/31/2016 17:59,Business,Westpark Place,Whitebridge,1.8,,0
7/17/2016 12:20,7/17/2016 15:25,Personal,Boone,Cary,180.2,Commute,3
01-12-2016 12:53,01-12-2016 13:09,Business,Hudson Square,Lower Manhattan,6.9,Meal/Entertain,6
6/25/2016 9:03,6/25/2016 9:12,Business,CBD,Bywater,87.5,,0
3/20/2016 17:08,3/20/2016 17:34,Business,Midtown,Sharpstown,14.6,,0
05-01-2016 14:26,05-01-2016 14:31,Business,Westpark Place,Whitebridge,2.3,,0
08-05-2016 18:17,08-05-2016 18:21,Business,Kalorama Triangle,Columbia Heights,33,,0
8/23/2016 9:35,8/23/2016 10:09,Business,Noorpur Shahan,Unknown Location,83.2,,0
1/21/2016 14:25,1/21/2016 14:29,Business,Cary,Cary,1.6,Errand/Supplies,5
1/26/2016 12:33,1/26/2016 12:41,Business,Hazelwood,Whitebridge,89.8,Errand/Supplies,5
06-07-2016 21:42,06-07-2016 22:00,Business,Cary,Durham,68.5,Meeting,7
7/22/2016 12:14,7/22/2016 12:31,Business,Cary,Durham,8,,0
12-11-2016 21:48,12-11-2016 21:56,Business,Cary,Cary,2.1,Errand/Supplies,5
07-01-2016 12:36,07-01-2016 13:00,Business,Raleigh,Cary,34.8,Meeting,7
08-01-2016 16:29,08-01-2016 16:59,Business,Cary,Morrisville,9.1,,0
1/29/2016 10:56,1/29/2016 11:07,Business,Cary,Cary,5.2,Meeting,7
11-09-2016 20:52,11-09-2016 21:02,Business,Oakland,Berkeley,47.2,,0
6/29/2016 11:49,6/29/2016 11:51,Business,Whitebridge,Westpark Place,1.6,,0
09-01-2016 18:49,09-01-2016 19:08,Business,Unknown Location,Unknown Location,2.2,,0
2/17/2016 15:33,2/17/2016 16:17,Business,Colombo,Katunayaka,21.4,Temporary Site,9
10-06-2016 19:46,10-06-2016 20:26,Business,Unknown Location,Unknown Location,95.7,,0
6/24/2016 12:19,6/24/2016 12:37,Business,Cary,Raleigh,8.6,Errand/Supplies,5
02-01-2016 12:56,02-01-2016 13:07,Business,Northwoods,Whitebridge,55.2,Meal/Entertain,6
3/19/2016 17:52,3/19/2016 18:00,Business,Port Bolivar,Port Bolivar,43,,0
01-12-2016 14:42,01-12-2016 14:56,Business,Lower Manhattan,Hudson Square,29.8,Errand/Supplies,5
07-12-2016 23:47,7/13/2016 0:11,Personal,Morrisville,Cary,8.7,,0
04-01-2016 13:43,04-01-2016 14:01,Business,Kissimmee,Kissimmee,57.5,Meeting,7
8/30/2016 13:25,8/30/2016 13:46,Business,Islamabad,Islamabad,4.4,,0
11-12-2016 14:22,11-12-2016 14:53,Business,West Berkeley,South,22.3,Meeting,7
1/20/2016 10:36,1/20/2016 11:11,Business,Cary,Raleigh,77.7,Meeting,7
3/28/2016 22:55,3/28/2016 23:26,Personal,Orlando,Kissimmee,25.7,,0
12/21/2016 17:45,12/21/2016 17:54,Business,Islamabad,Islamabad,2.1,Meeting,7
1/19/2016 9:09,1/19/2016 9:23,Business,Whitebridge,Lake Wellingborough,7.2,,0
7/20/2016 17:12,7/20/2016 17:24,Personal,Whitebridge,Edgehill Farms,2.8,,0
05-04-2016 15:16,05-04-2016 15:37,Business,Cary,Morrisville,8.7,Meal/Entertain,6
07-02-2016 20:18,07-02-2016 20:36,Business,Cary,Durham,63,Meeting,7
09-10-2016 10:28,09-10-2016 10:45,Business,Unknown Location,Unknown Location,2.8,,0
12-02-2016 22:59,12-02-2016 23:07,Business,Morrisville,Cary,3,Customer Visit,4
9/15/2016 20:33,9/15/2016 20:38,Business,Unknown Location,Unknown Location,0.9,,0
12/22/2016 17:56,12/22/2016 18:29,Business,Unknown Location,Unknown Location,84.2,Meeting,7
7/26/2016 20:52,7/26/2016 21:00,Business,Cary,Morrisville,2.5,Meal/Entertain,6
8/19/2016 9:27,8/19/2016 9:47,Business,Islamabad,Rawalpindi,6.5,,0
06-05-2016 23:52,06-06-2016 00:08,Business,Durham,Cary,9.9,Meeting,7
1/19/2016 9:09,1/19/2016 9:23,Business,Whitebridge,Lake Wellingborough,7.2,,0
06-08-2016 08:23,06-08-2016 08:53,Business,Cary,Morrisville,8.7,Meal/Entertain,6
8/23/2016 13:49,8/23/2016 14:04,Business,Islamabad,Unknown Location,5,,0
3/22/2016 19:12,3/22/2016 19:25,Personal,Whitebridge,Whitebridge,1.4,,0
10-07-2016 11:27,10-07-2016 11:50,Business,Lahore,Lahore,2.6,,0
7/23/2016 15:15,7/23/2016 15:27,Business,Cary,Morrisville,3,,0
3/19/2016 14:01,3/19/2016 14:57,Business,Sugar Land,Houston,35.1,Customer Visit,4
2/26/2016 14:38,2/26/2016 14:46,Personal,Whitebridge,Westpark Place,1.9,,0
7/19/2016 11:30,7/19/2016 12:00,Business,Lexington Park at Amberly,Whitebridge,11,Meal/Entertain,6
12/26/2016 11:29,12/26/2016 11:42,Business,Lahore,Lahore,3.8,Customer Visit,4
10-03-2016 17:09,10-03-2016 17:12,Business,Unknown Location,Islamabad,10.4,,0
06-06-2016 23:34,06-06-2016 23:48,Business,Durham,Cary,9.9,Meeting,7
11/14/2016 13:40,11/14/2016 14:33,Business,Mountain View,Berkeley,43.6,Customer Visit,4
3/25/2016 22:54,3/26/2016 1:39,Business,Jacksonville,Kissimmee,201,Meeting,7
07-06-2016 20:04,07-06-2016 20:14,Business,Cary,Morrisville,3.3,Meal/Entertain,6
7/30/2016 21:16,7/30/2016 21:41,Business,Durham,Cary,30.2,,0
09-01-2016 11:51,09-01-2016 12:24,Business,Unknown Location,Islamabad,15.1,,0
5/31/2016 13:54,5/31/2016 14:41,Business,Cary,Raleigh,73.6,Meeting,7
06-03-2016 13:08,06-03-2016 13:38,Business,Durham,Cary,9.9,Meeting,7
02-04-2016 15:59,02-04-2016 16:03,Business,Cary,Cary,1.1,Meal/Entertain,6
05-06-2016 05:47,05-06-2016 06:02,Business,Capitol One,Mcvan,14.4,Meeting,7
